biz_key,dow_key,opening_time,closing_time
9364,6,7AM,3PM
5312,5,9AM,7PM
12814,3,12AM,12AM
3917,2,7AM,5PM
12602,2,11AM,9PM
13035,3,9AM,7PM
7789,2,11AM,7PM
6088,7,7AM,9PM
12082,5,4AM,10PM
2826,2,10AM,5PM
4858,7,9AM,6PM
3864,1,8AM,7PM
40,3,11AM,10PM
4700,4,7AM,2PM
3443,1,12AM,12AM
6096,2,8AM,5PM
12456,3,4AM,12AM
11192,3,10AM,10PM
3342,1,11AM,2AM
8642,2,8AM,6PM
14320,7,10AM,8PM
4118,2,8AM,5PM
11526,1,6AM,11PM
7380,1,10AM,6PM
7817,7,11AM,9PM
4288,6,11AM,11PM
11086,3,10AM,10PM
2262,6,11AM,1AM
12905,7,7AM,7PM
1830,6,8AM,5PM
1384,1,11AM,6PM
10135,1,11AM,9PM
8923,3,5PM,11PM
10689,3,9AM,11PM
7729,3,8AM,5PM
3315,6,9AM,5PM
7834,6,7AM,6PM
6529,3,9AM,7PM
8356,3,8AM,5PM
9803,2,4AM,11PM
15262,5,10AM,7PM
7487,5,4PM,10PM
6758,1,12AM,12AM
15518,3,10AM,10PM
9304,4,8AM,8PM
6088,2,7AM,9PM
3877,5,10AM,10PM
7568,5,9AM,7PM
6216,6,12PM,2AM
11502,6,7AM,3PM
8350,4,8AM,5PM
6662,7,11AM,11PM
10127,1,10AM,4PM
10622,7,12PM,11PM
7909,7,9AM,1PM
13124,3,12AM,12AM
15507,2,11AM,12AM
6880,4,12AM,12AM
2273,5,10AM,6PM
582,2,10AM,10PM
3062,3,6AM,11PM
13929,1,11AM,12AM
9750,4,6AM,9PM
9595,4,8AM,8PM
8829,2,6AM,2PM
13105,4,11AM,9PM
13590,6,8AM,10PM
3057,6,9AM,2PM
11882,7,8AM,9PM
531,2,11AM,11PM
10293,6,11AM,11PM
12837,6,8AM,5PM
816,3,11AM,9PM
9649,7,7AM,8PM
1576,6,7AM,10PM
3904,5,11AM,9PM
14517,1,10AM,10PM
1150,1,12PM,8PM
3156,3,10AM,7PM
1884,2,7AM,6PM
6813,6,11AM,8PM
527,1,8AM,5PM
13036,4,11AM,11PM
4501,5,8AM,10PM
974,3,10AM,5PM
6272,2,10AM,10PM
11805,3,9AM,8PM
124,3,9AM,9PM
283,6,5PM,9PM
1392,2,9AM,9PM
3877,4,10AM,10PM
9372,4,10AM,8PM
9258,6,7AM,4PM
15359,3,5PM,10PM
8360,7,9AM,9PM
1387,7,9AM,5PM
10110,3,8AM,9AM
12528,2,11AM,9PM
15050,6,9AM,6PM
3797,6,6AM,10PM
10809,6,7AM,11PM
13509,4,7AM,9PM
15333,5,11AM,2AM
9690,7,11AM,2AM
9501,6,9AM,5PM
701,1,11AM,8PM
10944,5,9AM,4PM
1649,5,11AM,12AM
10475,3,8AM,10PM
1635,3,8AM,5PM
3885,5,10AM,7PM
1547,3,9AM,9PM
2448,2,9AM,5PM
6123,4,11AM,8PM
12630,5,7AM,5PM
2749,5,6AM,5AM
10341,2,11AM,10PM
14473,6,9AM,7PM
8875,4,7AM,8PM
9457,2,8AM,5PM
6518,5,11AM,10PM
11693,2,8AM,5PM
10154,4,6PM,2AM
11316,7,8AM,4PM
9390,7,10AM,11PM
6271,3,11AM,2PM
8430,1,1PM,6PM
13297,7,11AM,10PM
6048,4,10AM,5PM
4092,5,11AM,2AM
3815,3,8AM,10PM
8653,5,7AM,7PM
2151,2,9AM,6PM
11726,5,10AM,8PM
2001,7,8AM,8PM
1103,1,12PM,5PM
3768,4,9AM,6PM
3162,1,10AM,10PM
13449,6,9AM,5PM
15159,1,12PM,8PM
5182,2,11AM,9PM
14281,5,6AM,10PM
12858,6,9AM,9PM
11875,5,11AM,9PM
6338,2,12PM,2AM
10271,5,6AM,8PM
13775,2,9AM,5PM
4426,3,11AM,2AM
4016,7,9AM,2PM
9004,5,11AM,8PM
2224,2,6AM,5AM
8199,7,8AM,3PM
14023,7,8AM,4PM
8763,5,8AM,8PM
11767,1,7AM,8PM
4753,6,11AM,2AM
11820,6,11AM,12AM
1592,3,9AM,7PM
670,7,11AM,11PM
15520,2,7AM,7PM
14911,4,10AM,6PM
8428,5,10AM,7PM
9192,4,9AM,4PM
14100,4,6AM,5PM
9715,6,11AM,12AM
12067,1,12PM,4PM
7000,3,9AM,8PM
6195,7,7AM,9PM
15483,5,6AM,8PM
14988,5,8AM,6PM
8634,7,10AM,8PM
9533,4,11AM,9PM
1826,6,6AM,12AM
15449,6,10AM,1AM
6880,5,12AM,12AM
8096,6,10AM,8PM
14230,4,9AM,5PM
10310,6,11PM,5PM
2655,5,9AM,10PM
7545,2,7AM,7PM
11872,3,12AM,12AM
6210,5,11AM,9PM
