inspID,locID,penalty_amount,reviewer_note
"one million, three hundred thousand, nine hundred and twenty-eight",34,0,"UNFINISHED, RAW CONCRETE FLOOR BEHIND BAR AREA. INSTD TO SEAL SAME. BASEMENT FLOOR ALONG WALLBASE IN POOR REPAIR, UNEVEN SURFACE. INSTD TO CORRECT SAME SO AS FLOOR TO BE SMOOTH, EVEN, EASILY CLEANABLE SURFACE."
"five hundred and eighty-five thousand, eight hundred and fifty-three",32,0,"All food and non-food contact equipment and utensils shall be smooth, easily cleanable, and durable, and shall be in good repair.VIOLATION CORRECTED."
"one million, two hundred and eighty-five thousand, six hundred and seventy-nine",34,0,VIOLATION CORRECTED.
"one hundred and sixty-four thousand, four hundred and twenty-two",37,0,VIOLATION 37 CORRECTED
"one million, five hundred and thirty-seven thousand, eight hundred and sixty-six",3,500,"NOTED INTERNAL TEMPERATURES OF THE FOLLOWING POTENTIALLY HAZARDOUS FOOD ITEMS INSIDE PRODUCE WALK IN COOLER TO BE IMPROPER:-EGGS 48.9F, CRAB MEAT 48.2F, CHICKEN 44.3F, CHEESE 47.3F, PASTA WRAP 47.4F, BLUE CHEESE 46.6F, SLICED TOMATOES 47.1F, FRUITS SALAD TRAY 50.2F, MIXED VEGETABLE SALAD TRAY 55.8F. MANAGER IMMEDIATELY AND VOLUNTARILY DISPOSED OF 55.56 LBS OF PRODUCTS WORTH $188.00 THROUGH DENATURING PROCESS.  CITATION ISSUED FOR CRITICAL VIOLATION #7-38-005(A)"
"one million, six hundred and nine thousand, five hundred and seventy-eight",34,0,"VIOLATION CORRECTED AND ABATED,"
"one million, five hundred and six thousand, six hundred and ninety-five",18,0,"Above violation has been corrected at this time of license re-inspection(Above has provided proof of pest control service, pest control log book at this time of license re-inspection)."
"seventy-four thousand, four hundred and fifty-eight",35,0," ALL WALLS MUST BE SMOOTH AND EASY CLEANABLE, WITHOUT CARDBOARD ON WALLS.  ABATED"
"four hundred and sixty-nine thousand, three hundred and sixty-five",12,500,Adequate and convenient hand washing facilities shall be provided for all employees.  NO HAND TOWELS OR HAND SOAP WAS AVAILABLE AT THE EXPOSED HANDSINK BEHIND THE BAR.  MANAGEMENT PROVIDED SOAP AND TOWELS AT THE REQUEST OF THE INSPECTOR.  CRITICAL VIOLATION 7-38-030. HOOOO70711-18
