ReceivedDate,IssueID,client_rand,finalPhone,vruLine,callID,urgencyLevel,category,resultStatus,hostNode,serviceBegin,serviceEnd,serviceDuration
two thousand and sixteen.four.nineteen,CR1887630,C00002474,539-635-0992,AA0214,34999.0,2.00×10^+00,PS,AGENT,ZOHARI,13:22:43,13:25:40,00:02:57
two thousand and fifteen.six.seventeen,CR1425951,C00001928,315-461-2750,AA0107,40260.0,1.00×10^+00,PS,AGENT,TOVA,09:13:40,09:41:47,00:28:07
two thousand and fifteen.eight.three,CR1500056,C00002476,585-736-4906,AA0206,35372.0,0.00×10^+00,PS,AGENT,ANAT,11:50:53,12:01:00,00:10:07
two thousand and twelve.seven.eighteen,CR0119828,C00002990,405-948-0122,AA0202,30611.0,0.00×10^+00,PS,AGENT,ZOHARI,15:51:35,16:12:33,00:20:58
two thousand and fourteen.three.nine,,zero,617-023-8041,AA0115,34712.0,0.00×10^+00,NW,HANG,NO_SERVER,14:32:18,14:32:21,00:00:03
two thousand and fifteen.twelve.fourteen,CR1695189,C00004929,535-005-3114,AA0102,35168.0,1.00×10^+00,PS,AGENT,MORIAH,13:04:37,13:09:47,00:05:10
two thousand and fifteen.ten.nineteen,CR1613142,C00006114,712-161-2640,AA0104,35252.0,0.00×10^+00,NE,AGENT,ELI,09:01:48,09:08:46,00:06:58
two thousand and thirteen.ten.fifteen,CR0559399,C00004157,212-770-6755,AA0210,36138.0,2.00×10^+00,PS,AGENT,DORIT,13:32:28,13:52:36,00:20:08
two thousand and fifteen.ten.twenty-eight,CR1628487,C00011545,212-411-1247,AA0106,40223.0,0.00×10^+00,PS,AGENT,MICHAL,09:21:00,09:29:31,00:08:31
two thousand and twelve.nine.thirteen,CR0152355,C00005760,694-587-8130,AA0204,30524.0,0.00×10^+00,PS,AGENT,NO_SERVER,15:49:46,15:53:45,00:03:59
two thousand and seventeen.seven.seven,,zero,328-760-7956,,,,,zero,zero,13:23:59,13:39:33,00:15:34
two thousand and thirteen.six.twelve,,zero,573-660-9658,,,,,zero,zero,13:28:24,13:43:07,00:14:43
two thousand and thirteen.two.twenty-four,,zero,397-951-2603,AA0209,30293.0,2.00×10^+00,NE,HANG,NO_SERVER,09:48:36,09:48:39,00:00:03
two thousand and sixteen.two.eight,,zero,372-150-7677,AA0214,30649.0,2.00×10^+00,PS,PHANTOM,NO_SERVER,11:21:18,11:21:19,00:00:01
two thousand and fourteen.two.five,CR0700332,C00003671,641-986-1898,AA0213,35997.0,0.00×10^+00,PS,AGENT,STEREN,09:00:11,09:10:13,00:10:02
two thousand and eighteen.four.eighteen,,zero,269-876-2611,,,,,zero,zero,10:42:56,11:03:32,00:20:36
two thousand and twelve.five.eighteen,CR0084018,C00002731,729-397-5861,AA0203,30733.0,2.00×10^+00,PS,AGENT,KAZAV,10:33:57,10:44:43,00:10:46
two thousand and thirteen.twelve.three,CR0618869,C00002260,168-997-4954,AA0109,36070.0,1.00×10^+00,PS,AGENT,AVNI,11:02:21,11:15:02,00:12:41
two thousand and fourteen.nine.four,,zero,960-652-6854,AA0201,36027.0,0.00×10^+00,NW,HANG,NO_SERVER,12:58:43,12:58:46,00:00:03
two thousand and fifteen.eight.fourteen,CR1519771,C00003894,422-368-0621,AA0203,35356.0,0.00×10^+00,PS,AGENT,ANAT,13:31:41,13:46:02,00:14:21
two thousand and fifteen.two.twenty-seven,,zero,109-943-9230,AA0210,30891.0,0.00×10^+00,NW,HANG,NO_SERVER,10:28:17,10:28:20,00:00:03
two thousand and thirteen.four.twenty-nine,CR0394295,C00002603,357-238-7726,AA0105,30232.0,0.00×10^+00,NW,AGENT,MIKI,14:51:27,15:08:45,00:17:18
two thousand and fourteen.two.five,CR0700360,C00004296,508-889-9922,AA0115,35996.0,2.00×10^+00,PS,AGENT,IDIT,10:53:19,10:57:00,00:03:41
two thousand and thirteen.three.thirteen,CR0352792,C00001419,116-966-8711,AA0108,30288.0,2.00×10^+00,TT,AGENT,NO_SERVER,09:17:47,09:36:53,00:19:06
two thousand and sixteen.five.twenty-four,CR1939973,C00003530,717-307-4605,AA0203,34945.0,0.00×10^+00,PS,AGENT,STEREN,12:54:11,13:04:40,00:10:29
two thousand and thirteen.eight.seven,,zero,246-977-9277,,,,,zero,zero,12:07:19,12:14:10,00:06:51
two thousand and twelve.four.thirty,CR0067856,C00003456,709-146-4033,AA0106,40489.0,1.00×10^+00,PS,AGENT,MICHAL,10:54:32,11:15:24,00:20:52
two thousand and nineteen.two.fifteen,,zero,759-824-1019,,,,,zero,zero,13:10:03,13:21:10,00:11:07
two thousand and eighteen.one.nine,,zero,434-860-2602,,,,,zero,zero,15:11:17,15:25:37,00:14:20
two thousand and thirteen.seven.three,CR0449205,C00000391,918-665-8581,AA0104,30147.0,0.00×10^+00,PS,AGENT,IDIT,11:53:50,12:00:45,00:06:55
two thousand and seventeen.three.two,CR2369750,C00004287,250-855-5777,AA0210,40103.0,2.00×10^+00,PS,AGENT,MIKI,10:54:05,11:08:16,00:14:11
two thousand and nineteen.ten.twenty-eight,,zero,508-098-8503,AA0115,35187.0,0.00×10^+00,NW,HANG,NO_SERVER,09:11:52,09:11:57,00:00:05
two thousand and nineteen.three.five,,zero,187-071-3569,AA0214,36087.0,2.00×10^+00,PS,HANG,NO_SERVER,15:57:09,15:57:10,00:00:01
two thousand and thirteen.three.four,,zero,315-552-3901,,,,,zero,zero,15:07:11,15:26:22,00:19:11
two thousand and twelve.nine.six,CR0147901,C00004877,619-190-2887,AA0203,30537.0,0.00×10^+00,PS,AGENT,ANAT,11:24:08,11:33:42,00:09:34
