film_id,title,description
797,SILENCE KANE,A Emotional Drama of a Sumo Wrestler And a Dentist who must Confront a Sumo Wrestler in A Baloon
811,SMILE EARRING,A Intrepid Drama of a Teacher And a Butler who must Build a Pastry Chef in Berlin
157,CLOCKWORK PARADISE,A Insightful Documentary of a Technical Writer And a Feminist who must Challenge a Cat in A Baloon
17,ALONE TRIP,A Fast-Paced Character Study of a Composer And a Dog who must Outgun a Boat in An Abandoned Fun House
95,BREAKFAST GOLDFINGER,A Beautiful Reflection of a Student And a Student who must Fight a Moose in Berlin
454,IMPACT ALADDIN,A Epic Character Study of a Frisbee And a Moose who must Outgun a Technical Writer in A Shark Tank
12,ALASKA PHANTOM,A Fanciful Saga of a Hunter And a Pastry Chef who must Vanquish a Boy in Australia
969,WEST LION,A Intrepid Drama of a Butler And a Lumberjack who must Challenge a Database Administrator in A Manhattan Penthouse
66,BENEATH RUSH,A Astounding Panorama of a Man And a Monkey who must Discover a Man in The First Manned Space Station
159,CLOSER BANG,A Unbelieveable Panorama of a Frisbee And a Hunter who must Vanquish a Monkey in Ancient India
369,GOODFELLAS SALUTE,A Unbelieveable Tale of a Dog And a Explorer who must Sink a Mad Cow in A Baloon Factory
883,TEQUILA PAST,A Action-Packed Panorama of a Mad Scientist And a Robot who must Challenge a Student in Nigeria
14,ALICE FANTASIA,A Emotional Drama of a A Shark And a Database Administrator who must Vanquish a Pioneer in Soviet Georgia
644,OSCAR GOLD,A Insightful Tale of a Database Administrator And a Dog who must Face a Madman in Soviet Georgia
884,TERMINATOR CLUB,A Touching Story of a Crocodile And a Girl who must Sink a Man in The Gulf of Mexico
463,INSTINCT AIRPORT,A Touching Documentary of a Mad Cow And a Explorer who must Confront a Butler in A Manhattan Penthouse
830,SPIRIT FLINTSTONES,A Brilliant Yarn of a Cat And a Car who must Confront a Explorer in Ancient Japan
810,SLUMS DUCK,A Amazing Character Study of a Teacher And a Database Administrator who must Defeat a Waitress in A Jet Boat
584,MIXED DOORS,A Taut Drama of a Womanizer And a Lumberjack who must Succumb a Pioneer in Ancient India
741,ROMAN PUNK,A Thoughtful Panorama of a Mad Cow And a Student who must Battle a Forensic Psychologist in Berlin
582,MIRACLE VIRTUAL,A Touching Epistle of a Butler And a Boy who must Find a Mad Scientist in The Sahara Desert
641,ORANGE GRAPES,A Astounding Documentary of a Butler And a Womanizer who must Face a Dog in A U-Boat
596,MOONSHINE CABIN,A Thoughtful Display of a Astronaut And a Feminist who must Chase a Frisbee in A Jet Boat
540,LUCKY FLYING,A Lacklusture Character Study of a A Shark And a Man who must Find a Forensic Psychologist in A U-Boat
421,HOLIDAY GAMES,A Insightful Reflection of a Waitress And a Madman who must Pursue a Boy in Ancient Japan
629,NOTORIOUS REUNION,A Amazing Epistle of a Woman And a Squirrel who must Fight a Hunter in A Baloon
703,PUNK DIVORCE,A Fast-Paced Tale of a Pastry Chef And a Boat who must Face a Frisbee in The Canadian Rockies
668,PEAK FOREVER,A Insightful Reflection of a Boat And a Secret Agent who must Vanquish a Astronaut in An Abandoned Mine Shaft
93,BRANNIGAN SUNRISE,A Amazing Epistle of a Moose And a Crocodile who must Outrace a Dog in Berlin
623,NEWTON LABYRINTH,A Intrepid Character Study of a Moose And a Waitress who must Find a A Shark in Ancient India
573,MICROCOSMOS PARADISE,A Touching Character Study of a Boat And a Student who must Sink a A Shark in Nigeria
170,COMMAND DARLING,A Awe-Inspiring Tale of a Forensic Psychologist And a Woman who must Challenge a Database Administrator in Ancient Japan
6,AGENT TRUMAN,A Intrepid Panorama of a Robot And a Boy who must Escape a Sumo Wrestler in Ancient China
808,SLING LUKE,A Intrepid Character Study of a Robot And a Monkey who must Reach a Secret Agent in An Abandoned Amusement Park
718,REBEL AIRPORT,A Intrepid Yarn of a Database Administrator And a Boat who must Outrace a Husband in Ancient India
245,DOUBLE WRATH,A Thoughtful Yarn of a Womanizer And a Dog who must Challenge a Madman in The Gulf of Mexico
51,BALLOON HOMEWARD,A Insightful Panorama of a Forensic Psychologist And a Mad Cow who must Build a Mad Scientist in The First Manned Space Station
214,DAUGHTER MADIGAN,A Beautiful Tale of a Hunter And a Mad Scientist who must Confront a Squirrel in The First Manned Space Station
932,VALLEY PACKER,A Astounding Documentary of a Astronaut And a Boy who must Outrace a Sumo Wrestler in Berlin
491,JUMPING WRATH,A Touching Epistle of a Monkey And a Feminist who must Discover a Boat in Berlin
445,HYDE DOCTOR,A Fanciful Documentary of a Boy And a Woman who must Redeem a Womanizer in A Jet Boat
669,PEARL DESTINY,A Lacklusture Yarn of a Astronaut And a Pastry Chef who must Sink a Dog in A U-Boat
813,SMOOCHY CONTROL,A Thrilling Documentary of a Husband And a Feminist who must Face a Mad Scientist in Ancient China
853,STRANGER STRANGERS,A Awe-Inspiring Yarn of a Womanizer And a Explorer who must Fight a Woman in The First Manned Space Station
917,TUXEDO MILE,A Boring Drama of a Man And a Forensic Psychologist who must Face a Frisbee in Ancient India
747,ROXANNE REBEL,A Astounding Story of a Pastry Chef And a Database Administrator who must Fight a Man in The Outback
340,FRONTIER CABIN,A Emotional Story of a Madman And a Waitress who must Battle a Teacher in An Abandoned Fun House
8,AIRPORT POLLOCK,A Epic Tale of a Moose And a Girl who must Confront a Monkey in Ancient India
579,MINDS TRUMAN,A Taut Yarn of a Mad Scientist And a Crocodile who must Outgun a Database Administrator in A Monastery
36,ARGONAUTS TOWN,A Emotional Epistle of a Forensic Psychologist And a Butler who must Challenge a Waitress in An Abandoned Mine Shaft
659,PARK CITIZEN,A Taut Epistle of a Sumo Wrestler And a Girl who must Face a Husband in Ancient Japan
81,BLINDNESS GUN,A Touching Drama of a Robot And a Dentist who must Meet a Hunter in A Jet Boat
593,MONTEREY LABYRINTH,A Awe-Inspiring Drama of a Monkey And a Composer who must Escape a Feminist in A U-Boat
815,SNATCHERS MONTEZUMA,A Boring Epistle of a Sumo Wrestler And a Woman who must Escape a Man in The Canadian Rockies
427,HOMEWARD CIDER,A Taut Reflection of a Astronaut And a Squirrel who must Fight a Squirrel in A Manhattan Penthouse
888,THIN SAGEBRUSH,A Emotional Drama of a Husband And a Lumberjack who must Build a Cat in Ancient India
739,ROCKY WAR,A Fast-Paced Display of a Squirrel And a Explorer who must Outgun a Mad Scientist in Nigeria
145,CHISUM BEHAVIOR,A Epic Documentary of a Sumo Wrestler And a Butler who must Kill a Car in Ancient India
640,OPUS ICE,A Fast-Paced Drama of a Hunter And a Boy who must Discover a Feminist in The Sahara Desert
790,SHOOTIST SUPERFLY,A Fast-Paced Story of a Crocodile And a A Shark who must Sink a Pioneer in Berlin
877,TAXI KICK,A Amazing Epistle of a Girl And a Woman who must Outrace a Waitress in Soviet Georgia
181,CONTACT ANONYMOUS,A Insightful Display of a A Shark And a Monkey who must Face a Database Administrator in Ancient India
719,RECORDS ZORRO,A Amazing Drama of a Mad Scientist And a Composer who must Build a Husband in The Outback
530,LORD ARIZONA,A Action-Packed Display of a Frisbee And a Pastry Chef who must Pursue a Crocodile in A Jet Boat
365,GOLD RIVER,A Taut Documentary of a Database Administrator And a Waitress who must Reach a Mad Scientist in A Baloon Factory
267,EAGLES PANKY,A Thoughtful Story of a Car And a Boy who must Find a A Shark in The Sahara Desert
954,WAKE JAWS,A Beautiful Saga of a Feminist And a Composer who must Challenge a Moose in Berlin
933,VAMPIRE WHALE,A Epic Story of a Lumberjack And a Monkey who must Confront a Pioneer in A MySQL Convention
60,BEAST HUNCHBACK,A Awe-Inspiring Epistle of a Student And a Squirrel who must Defeat a Boy in Ancient China
237,DIVORCE SHINING,A Unbelieveable Saga of a Crocodile And a Student who must Discover a Cat in Ancient India
925,UNITED PILOT,A Fast-Paced Reflection of a Cat And a Mad Cow who must Fight a Car in The Sahara Desert
156,CLERKS ANGELS,A Thrilling Display of a Sumo Wrestler And a Girl who must Confront a Man in A Baloon
555,MALLRATS UNITED,A Thrilling Yarn of a Waitress And a Dentist who must Find a Hunter in A Monastery
878,TEEN APOLLO,A Awe-Inspiring Drama of a Dog And a Man who must Escape a Robot in A Shark Tank
321,FLASH WARS,A Astounding Saga of a Moose And a Pastry Chef who must Chase a Student in The Gulf of Mexico
842,STATE WASTELAND,A Beautiful Display of a Cat And a Pastry Chef who must Outrace a Mad Cow in A Jet Boat
216,DAY UNFAITHFUL,A Stunning Documentary of a Composer And a Mad Scientist who must Find a Technical Writer in A U-Boat
912,TROJAN TOMORROW,A Astounding Panorama of a Husband And a Sumo Wrestler who must Pursue a Boat in Ancient India
457,INDEPENDENCE HOTEL,A Thrilling Tale of a Technical Writer And a Boy who must Face a Pioneer in A Monastery
465,INTERVIEW LIAISONS,A Action-Packed Reflection of a Student And a Butler who must Discover a Database Administrator in A Manhattan Penthouse
405,HAUNTED ANTITRUST,A Amazing Saga of a Man And a Dentist who must Reach a Technical Writer in Ancient India
327,FOOL MOCKINGBIRD,A Lacklusture Tale of a Crocodile And a Composer who must Defeat a Madman in A U-Boat
167,COMA HEAD,A Awe-Inspiring Drama of a Boy And a Frisbee who must Escape a Pastry Chef in California
194,CROW GREASE,A Awe-Inspiring Documentary of a Woman And a Husband who must Sink a Database Administrator in The First Manned Space Station
835,SPY MILE,A Thrilling Documentary of a Feminist And a Feminist who must Confront a Feminist in A Baloon
57,BASIC EASY,A Stunning Epistle of a Man And a Husband who must Reach a Mad Scientist in A Jet Boat
315,FINDING ANACONDA,A Fateful Tale of a Database Administrator And a Girl who must Battle a Squirrel in New Orleans
632,NUTS TIES,A Thoughtful Drama of a Explorer And a Womanizer who must Meet a Teacher in California
748,RUGRATS SHAKESPEARE,A Touching Saga of a Crocodile And a Crocodile who must Discover a Technical Writer in Nigeria
534,LOUISIANA HARRY,A Lacklusture Drama of a Girl And a Technical Writer who must Redeem a Monkey in A Shark Tank
431,HOOSIERS BIRDCAGE,A Astounding Display of a Explorer And a Boat who must Vanquish a Car in The First Manned Space Station
495,KENTUCKIAN GIANT,A Stunning Yarn of a Woman And a Frisbee who must Escape a Waitress in A U-Boat
923,UNFAITHFUL KILL,A Taut Documentary of a Waitress And a Mad Scientist who must Battle a Technical Writer in New Orleans
241,DONNIE ALLEY,A Awe-Inspiring Tale of a Butler And a Frisbee who must Vanquish a Teacher in Ancient Japan
274,EGG IGBY,A Beautiful Documentary of a Boat And a Sumo Wrestler who must Succumb a Database Administrator in The First Manned Space Station
952,WAGON JAWS,A Intrepid Drama of a Moose And a Boat who must Kill a Explorer in A Manhattan Penthouse
171,COMMANDMENTS EXPRESS,A Fanciful Saga of a Student And a Mad Scientist who must Battle a Hunter in An Abandoned Mine Shaft
664,PATRIOT ROMAN,A Taut Saga of a Robot And a Database Administrator who must Challenge a Astronaut in California
443,HURRICANE AFFAIR,A Lacklusture Epistle of a Database Administrator And a Woman who must Meet a Hunter in An Abandoned Mine Shaft
124,CASPER DRAGONFLY,A Intrepid Documentary of a Boat And a Crocodile who must Chase a Robot in The Sahara Desert
690,POND SEATTLE,A Stunning Drama of a Teacher And a Boat who must Battle a Feminist in Ancient China
755,SABRINA MIDNIGHT,A Emotional Story of a Squirrel And a Crocodile who must Succumb a Husband in The Sahara Desert
765,SATURN NAME,A Fateful Epistle of a Butler And a Boy who must Redeem a Teacher in Berlin
865,SUNRISE LEAGUE,A Beautiful Epistle of a Madman And a Butler who must Face a Crocodile in A Manhattan Penthouse
467,INTRIGUE WORST,A Fanciful Character Study of a Explorer And a Mad Scientist who must Vanquish a Squirrel in A Jet Boat
446,HYSTERICAL GRAIL,A Amazing Saga of a Madman And a Dentist who must Build a Car in A Manhattan Penthouse
510,LAWLESS VISION,A Insightful Yarn of a Boy And a Sumo Wrestler who must Outgun a Car in The Outback
227,DETAILS PACKER,A Epic Saga of a Waitress And a Composer who must Face a Boat in A U-Boat
297,EXTRAORDINARY CONQUERER,A Stunning Story of a Dog And a Feminist who must Face a Forensic Psychologist in Berlin
83,BLUES INSTINCT,A Insightful Documentary of a Boat And a Composer who must Meet a Forensic Psychologist in An Abandoned Fun House
111,CADDYSHACK JEDI,A Awe-Inspiring Epistle of a Woman And a Madman who must Fight a Robot in Soviet Georgia
85,BONNIE HOLOCAUST,A Fast-Paced Story of a Crocodile And a Robot who must Find a Moose in Ancient Japan
355,GHOSTBUSTERS ELF,A Thoughtful Epistle of a Dog And a Feminist who must Chase a Composer in Berlin
760,SAMURAI LION,A Fast-Paced Story of a Pioneer And a Astronaut who must Reach a Boat in A Baloon
604,MULAN MOON,A Emotional Saga of a Womanizer And a Pioneer who must Overcome a Dentist in A Baloon
946,VIRTUAL SPOILERS,A Fateful Tale of a Database Administrator And a Squirrel who must Discover a Student in Soviet Georgia
186,CRAFT OUTFIELD,A Lacklusture Display of a Explorer And a Hunter who must Succumb a Database Administrator in A Baloon Factory
772,SEA VIRGIN,A Fast-Paced Documentary of a Technical Writer And a Pastry Chef who must Escape a Moose in A U-Boat
958,WARDROBE PHANTOM,A Action-Packed Display of a Mad Cow And a Astronaut who must Kill a Car in Ancient India
118,CANYON STOCK,A Thoughtful Reflection of a Waitress And a Feminist who must Escape a Squirrel in A Manhattan Penthouse
591,MONSOON CAUSE,A Astounding Tale of a Crocodile And a Car who must Outrace a Squirrel in A U-Boat
388,GUNFIGHT MOON,A Epic Reflection of a Pastry Chef And a Explorer who must Reach a Dentist in The Sahara Desert
129,CAUSE DATE,A Taut Tale of a Explorer And a Pastry Chef who must Conquer a Hunter in A MySQL Convention
887,THIEF PELICAN,A Touching Documentary of a Madman And a Mad Scientist who must Outrace a Feminist in An Abandoned Mine Shaft
332,FRANKENSTEIN STRANGER,A Insightful Character Study of a Feminist And a Pioneer who must Pursue a Pastry Chef in Nigeria
984,WONDERFUL DROP,A Boring Panorama of a Woman And a Madman who must Overcome a Butler in A U-Boat
