RecordID,EntityLabel,GeoCode,SectorArea,ResidentTotal
981,Karawang,IDN,West Java,145000
2322,Sinuiju,PRK,Pyongan P,326011
1446,Qomsheh,IRN,Esfahan,89800
236,Feira de Santana,BRA,Bahia,479992
3744,Zelenodolsk,RUS,Tatarstan,100200
2599,San Felipe del Progreso,MEX,México,177330
2366,Namyangju,KOR,Kyonggi,229060
312,Magé,BRA,Rio de Janeiro,196147
2304,Likasi,COD,Shaba,299118
299,Imperatriz,BRA,Maranhão,224564
1239,Chittoor,IND,Andhra Pradesh,133462
2577,Coacalco de Berriozábal,MEX,México,252270
1665,Kumagaya,JPN,Saitama,157171
3060,Borås,SWE,West Götanmaan län,96883
2502,Nador,MAR,Oriental,112450
1830,Regina,CAN,Saskatchewan,180400
1194,Agartala,IND,Tripura,157358
2837,Sheikhupura,PAK,Punjab,271875
1607,Ichihara,JPN,Chiba,279280
933,Tegucigalpa,HND,Distrito Central,813900
1061,Solapur (Sholapur),IND,Maharashtra,604215
3232,al-Qadarif,SDN,al-Qadarif,191164
2013,Dongying,CHN,Shandong,281728
424,Passos,BRA,Minas Gerais,98570
3228,Kassala,SDN,Kassala,234622
1409,Najafabad,IRN,Esfahan,178498
2602,Ocosingo,MEX,Chiapas,171495
2079,Honghu,CHN,Hubei,190772
3238,Tampere,FIN,Pirkanmaa,195468
1159,Parbhani,IND,Maharashtra,190255
3517,Navoi,UZB,Navoi,116300
1015,Majalaya,IDN,West Java,93200
1012,Kendari,IDN,Sulawesi Tenggara,94800
844,Malaybalay,PHL,Northern Mindanao,123672
1330,Haldia,IND,West Bengali,100347
918,Les Abymes,GLP,Grande-Terre,62947
3524,Grodno,BLR,Grodno,302000
1212,Sikar,IND,Rajasthan,148272
315,Marília,BRA,São Paulo,188691
553,George Town,CYM,Grand Cayman,19600
3419,Ashgabat,TKM,Ahal,540600
2780,Gusau,NGA,Sokoto & Kebbi & Zam,158000
2246,Linhai,CHN,Zhejiang,90870
792,Butuan,PHL,Caraga,267279
2826,Multan,PAK,Punjab,1182441
3296,Taitung,TWN,Taitung,111039
3985,Vallejo,USA,California,116760
1622,Shimizu,JPN,Shizuoka,239123
3683,Abakan,RUS,Hakassia,169200
2861,Khanpur,PAK,Punjab,117800
458,Glasgow,GBR,Scotland,619680
3498,Waitakere,NZL,Auckland,170600
1253,Midnapore (Medinipur),IND,West Bengali,125498
2379,Kuri,KOR,Kyonggi,142173
1783,Hodeida,YEM,Hodeida,298500
3293,Taliao,TWN,,115897
3066,Kingstown,VCT,St George,17100
1115,Nanded (Nander),IND,Maharashtra,275083
119,Escobar,ARG,Buenos Aires,116675
3532,Novopolotsk,BLR,Vitebsk,106000
642,Idfu,EGY,Qina,94200
748,Westonaria,ZAF,Gauteng,159632
2617,Pénjamo,MEX,Guanajuato,143927
1172,Mira Bhayandar,IND,Maharashtra,175372
2869,Khairpur,PAK,Sind,102200
2242,Yuzhou,CHN,Henan,92889
1069,Thiruvananthapuram (Trivandrum,IND,Kerala,524006
263,Bauru,BRA,São Paulo,313670
3094,Augsburg,DEU,Baijeri,254867
3366,Diyarbakir,TUR,Diyarbakir,479884
674,Oviedo,ESP,Asturia,200453
2875,Kamalia,PAK,Punjab,95300
643,al-Hawamidiya,EGY,Giza,91700
40,Sétif,DZA,Sétif,179055
3304,Miaoli,TWN,Miaoli,90000
1367,Irbil,IRQ,Irbil,485968
2328,Kimchaek,PRK,Hamgyong P,179000
1963,Weifang,CHN,Shandong,428522
765,Quezon,PHL,National Capital Reg,2173831
2363,Wonju,KOR,Kang-won,237460
2011,Yancheng,CHN,Jiangsu,296831
1395,Ardebil,IRN,Ardebil,340386
2986,Lille,FRA,Rhône-Alpes,184657
1007,Palangka Raya,IDN,Kalimantan Tengah,99693
2928,Warszawa,POL,Mazowieckie,1615369
2763,Oyo,NGA,Oyo & Osun,256400
1278,Balurghat,IND,West Bengali,119796
855,Malasiqui,PHL,Ilocos,113190
3105,Freiburg im Breisgau,DEU,Baden-Württemberg,202455
1583,Toyohashi,JPN,Aichi,360066
2513,Vacoas-Phoenix,MUS,Plaines Wilhelms,98464
1761,Isehara,JPN,Kanagawa,98123
3807,Columbus,USA,Ohio,711470
610,Giza,EGY,Giza,2221868
531,Southport,GBR,England,90959
1076,Guntur,IND,Andhra Pradesh,471051
2833,Sialkot,PAK,Punjab,417597
547,Dobric,BGR,Varna,100399
2406,Herakleion,GRC,Crete,116178
2886,Ciudad del Este,PRY,Alto Paraná,133881
1227,Timkur,IND,Karnataka,138903
359,Hortolândia,BRA,São Paulo,135755
4010,Waterbury,USA,Connecticut,107271
3249,Lausanne,CHE,Vaud,114500
2533,Guadalupe,MEX,Nuevo León,668780
3853,Aurora,USA,Colorado,276393
177,Charleroi,BEL,Hainaut,200827
3282,Yungkang,TWN,Tainan,193005
2163,Wuwei,CHN,Gansu,133101
530,Woking/Byfleet,GBR,England,92000
2868,Jaranwala,PAK,Punjab,103300
2016,Jingdezhen,CHN,Jiangxi,281183
2545,Tlaquepaque,MEX,Jalisco,475472
228,Osasco,BRA,São Paulo,659604
2556,Celaya,MEX,Guanajuato,382140
2517,Ecatepec de Morelos,MEX,México,1620303
2425,Sancti-Spíritus,CUB,Sancti-Spíritus,100751
1784,al-Mukalla,YEM,Hadramawt,122400
3774,Nha Trang,VNM,Khanh Hoa,221331
1702,Fujieda,JPN,Shizuoka,126897
2619,Guanajuato,MEX,Guanajuato,141215
2355,Uijongbu,KOR,Kyonggi,276111
1602,Fukushima,JPN,Fukushima,287525
1375,al-Amara,IRQ,Maysan,208797
319,Divinópolis,BRA,Minas Gerais,185047
2237,Ya´an,CHN,Sichuan,95900
3527,Baranovitši,BLR,Brest,167000
936,Kowloon and New Kowloon,HKG,Kowloon and New Kowl,1987996
810,Olongapo,PHL,Central Luzon,194260
882,Malita,PHL,Southern Mindanao,100000
1353,Bansberia,IND,West Bengali,93447
2945,Torun,POL,Kujawsko-Pomorskie,206158
722,Pinetown,ZAF,KwaZulu-Natal,378810
1524,Graz,AUT,Steiermark,240967
567,Iquique,CHL,Tarapacá,177892
4052,Compton,USA,California,92864
901,Tórshavn,FRO,Streymoyar,14542
2301,Kolwezi,COD,Shaba,417810
3631,Orjol,RUS,Orjol,344500
1990,Xianyang,CHN,Shaanxi,352125
535,Saint Helier,GBR,Jersey,27523
2005,Ma´anshan,CHN,Anhui,305421
1465,Milano,ITA,Lombardia,1300977
2937,Katowice,POL,Slaskie,345934
1456,Petah Tiqwa,ISR,Ha Merkaz,159400
1908,Taiyuan,CHN,Shanxi,1968400
1500,Vicenza,ITA,Veneto,109738
292,Caucaia,BRA,Ceará,238738
2108,Xinyu,CHN,Jiangxi,173524
934,San Pedro Sula,HND,Cortés,383900
2959,Gorzów Wielkopolski,POL,Lubuskie,126019
3115,Ludwigshafen am Rhein,DEU,Rheinland-Pfalz,163771
