id,artist,asciiName,availability,borderColor,cardKingdomFoilId,cardKingdomId,colorIdentity,colorIndicator,colors,convertedManaCost,duelDeck,edhrecRank,faceConvertedManaCost,faceName,flavorName,flavorText,frameEffects,frameVersion,hand,hasAlternativeDeckLimit,hasContentWarning,hasFoil,hasNonFoil,isAlternative,isFullArt,isOnlineOnly,isOversized,isPromo,isReprint,isReserved,isStarter,isStorySpotlight,isTextless,isTimeshifted,keywords,layout,leadershipSkills,life,loyalty,manaCost,mcmId,mcmMetaId,mtgArenaId,mtgjsonV4Id,mtgoFoilId,mtgoId,multiverseId,name,number,originalReleaseDate,originalText,originalType,otherFaceIds,power,printings,promoTypes,purchaseUrls,rarity,scryfallIllustrationId,scryfallOracleId,setCode,side,subtypes,supertypes,tcgplayerProductId,text,toughness,type,types,uuid,variations,watermark
44538,Christopher Rush,,paper,gold,zero,,W,,W,5.00×10^+00,,17553.0,zero,,,"""Though Serra has not been seen for twenty years, her Gargoyles still watch over our city and punish the guilty.""
—Gulsen, Abbey Matron",zero,1.99×10^+03,,zero,0,0,1,0.00×10^+00,0,0,0,0,1,0,1,0,0.00×10^+00,0,"Flying,Protection",normal,zero,zero,,{2}{W}{W}{W},,,,a4b641b0-67ba-5c35-bcca-4a8111a898a7,,,,Abbey Gargoyles,shr1sb,zero,,,,3.00×10^+00,"5ED,HML,ME2,PTC",,,uncommon,495fb7c9-3571-4a96-8ccf-36d0d7a8b3e3,c208b959-d0e4-4a9a-8255-2c7cc7596767,PTC,,Gargoyle,,zero,"Flying, protection from red",4.0,Creature — Gargoyle,Creature,e93fdf7e-fcc0-50ef-a0fc-2deac2e608b9,39920577-3b4e-5111-86bd-b9ed124b25a4,
47723,Dana Knutson,,paper,white,zero,70518.0,R,,R,7.00×10^+00,,7530.0,zero,,,,zero,2.00×10^+03,,zero,0,0,1,0.00×10^+00,0,0,0,0,0,0,0,0,0.00×10^+00,0,Flying,normal,zero,zero,,{5}{R}{R},14553.0,5986.0,,1c72bcd9-f7cf-5cbf-9599-8a386bbab371,,,20180.0,Thunder Dragon,119,zero,"Flying
When Thunder Dragon comes into play, it deals 3 damage to each creature without flying. (This includes your creatures.)",Creature - Dragon,,5.00×10^+00,"DDG,DRB,ME4,S99",,"{'cardKingdom': 'https://mtgjson.com/links/f3c16d3bb7160574', 'cardmarket': 'https://mtgjson.com/links/c09b08154060ff99', 'tcgplayer': 'https://mtgjson.com/links/31f74ba13d824973'}",rare,fef6943f-1923-40d0-ad72-4162cedfb7a7,70d9579f-c8a6-4406-afe1-9291fe5ee736,S99,,Dragon,,three hundred and ninety-nine point zero,"Flying
When Thunder Dragon enters the battlefield, it deals 3 damage to each creature without flying.",5.0,Creature — Dragon,Creature,dc3dec68-c578-5be1-9812-0d1b8d56e5aa,,
43216,John Matson,,paper,black,zero,,R,,R,4.00×10^+00,,1876.0,zero,,,,zero,2.00×10^+03,,zero,0,0,1,0.00×10^+00,0,0,0,0,1,0,1,0,0.00×10^+00,0,,normal,zero,zero,,{1}{R}{R}{R},,,,a9767149-77a5-561e-938c-49cfccdd6933,,,,Furnace of Rath,104,zero,,,,,"10E,8ED,9ED,DPA,HOP,PS11,TMP",mediainsert,,rare,51199750-d5aa-4867-9d37-3ef015b07101,68715465-6cf9-4006-87e9-31f227fe9ed3,PS11,,,,zero,"If a source would deal damage to a permanent or player, it deals double that damage to that permanent or player instead.",,Enchantment,Enchantment,8c1b31ce-0ab8-5425-9717-fe2f4d784d57,,
6438,Greg Hildebrandt,,paper,black,zero,131358.0,"U,W",,,2.00×10^+00,,100.0,zero,,,The maze-like design embodies the core of Azorius law—strict structure designed to test wills and stall change.,zero,2.00×10^+03,,zero,0,0,1,0.00×10^+00,0,0,0,0,1,0,1,0,0.00×10^+00,0,,normal,zero,zero,,{2},240539.0,7547.0,,dca9e3cb-a8fe-58b2-8a51-a780061dfad3,,,220540.0,Azorius Signet,103,zero,"{1}, {T}: Add {W}{U} to your mana pool.",Artifact,,,"ARC,C18,C20,DIS,GK2,KHC,MM3,PRM,TD0",,"{'cardKingdom': 'https://mtgjson.com/links/5ec63f59632ac43e', 'cardmarket': 'https://mtgjson.com/links/2b7a22d36cc05b05', 'tcgplayer': 'https://mtgjson.com/links/99b6a468ac226ccc'}",common,51a550c2-acff-4638-b60b-764d7ddedb6d,e018773f-95b3-49a3-9674-6f04ddef2092,ARC,,,,thirty-seven thousand and ninety-seven point zero,"{1}, {T}: Add {W}{U}.",,Artifact,Artifact,f27445e5-db6f-5ead-a0c5-b806aa96fdac,,
31864,Jason A. Engle,,paper,black,zero,229311.0,,,,3.00×10^+00,,464.0,zero,,,Automaton inspectors ensure that the Consulate's stringent standards for mass production are upheld.,zero,2.02×10^+03,,zero,0,0,1,0.00×10^+00,0,0,0,0,1,0,0,0,0.00×10^+00,0,,normal,zero,zero,,{3},423641.0,223778.0,,a34a1a51-5b81-594b-970a-c1447ee07150,,,,Foundry Inspector,1585,zero,,,,3.00×10^+00,"CMR,KLD,KLR,MB1",,"{'cardKingdom': 'https://mtgjson.com/links/88acf720c7c6a06a', 'cardmarket': 'https://mtgjson.com/links/74992d23251fe27c', 'tcgplayer': 'https://mtgjson.com/links/d98b92ba0b406790'}",uncommon,9aec8e0f-cd60-446b-80e1-320112fc3b17,18f22960-87ec-43cd-82ea-ec5cabf49ad3,MB1,,Construct,,"two hundred and two thousand, nine hundred and fifty-eight point zero",Artifact spells you cast cost {1} less to cast.,2.0,Artifact Creature — Construct,"Artifact,Creature",d1c008cb-4127-5700-af41-eab9f6dfd28e,,
47295,Mark Tedin,,paper,white,zero,,,,,4.00×10^+00,,9909.0,zero,,,,zero,1.99×10^+03,,zero,0,0,1,0.00×10^+00,0,0,0,0,1,0,1,0,0.00×10^+00,0,,normal,zero,zero,,{4},,,,e969fdfc-8d44-58c5-a976-065ae251062f,,,,Jayemdae Tome,50,zero,,,,,"10E,2ED,3ED,4BB,4ED,5ED,6ED,7ED,8ED,CED,CEI,FBB,ITP,LEA,LEB,M13,ORI,PS11,PTC,RQS,SUM",,,rare,438a22fe-b464-49b7-b44b-717ce9056d51,39ee576a-0803-4063-9c84-f2b537e4d44c,RQS,,,,zero,"{4}, {T}: Draw a card.",,Artifact,Artifact,05f66d1f-5fe7-56b3-ae22-56ad08ef1290,,
33384,Andrew Robinson,,"mtgo,paper",black,zero,22005.0,W,,W,2.00×10^+00,,17001.0,zero,,,"""One timely cry of warning can save nine of surprise.""
—Sidar Jabari",zero,2.00×10^+03,,zero,0,0,1,0.00×10^+00,0,0,0,0,0,0,0,0,0.00×10^+00,0,,normal,zero,zero,,{1}{W},8257.0,105.0,,d7be3346-09f6-517e-b5cc-877735fd5a66,6772.0,6771.0,3477.0,Alarum,2,zero,Untap target nonattacking creature. That creature gets +1/+3 until end of turn.,Instant,,,MIR,,"{'cardKingdom': 'https://mtgjson.com/links/e27b2109ff8ece89', 'cardmarket': 'https://mtgjson.com/links/abce0a70bfcf27f6', 'tcgplayer': 'https://mtgjson.com/links/e6137cdc190bb8c6'}",common,8d25a10d-7ad6-4b26-a2d4-98d017d9db4e,18e96674-6fd8-4046-a3fe-7ba80138d85d,MIR,,,,"four thousand, nine hundred and sixty-three point zero",Untap target nonattacking creature. It gets +1/+3 until end of turn.,,Instant,Instant,2f2593aa-3f74-5844-bf8f-bfdb5dfaaf6b,,
2781,Anson Maddocks,,paper,white,zero,11021.0,,,,3.00×10^+00,,76.0,zero,,,"The Brothers' War scarred the land, but Ashnod left her mark in the bloodlines of those she tortured.",zero,2.00×10^+03,,zero,0,0,1,0.00×10^+00,0,0,0,0,1,0,0,0,0.00×10^+00,0,,normal,zero,zero,,{3},9720.0,315.0,,01038cf2-878f-5f27-b857-0382f3662855,,,3761.0,Ashnod's Altar,349,zero,Sacrifice a creature: Add two colorless mana to your mana pool. Play this ability as a mana source.,Artifact,,,"5ED,6ED,ATQ,CHR,EMA,MB1,ME4,RIN,WC00",,"{'cardKingdom': 'https://mtgjson.com/links/4dfc2525827268a6', 'cardmarket': 'https://mtgjson.com/links/afdb060424955eee', 'tcgplayer': 'https://mtgjson.com/links/6f13a63c674bb584'}",uncommon,18ad1104-51e7-41a8-ab39-3a0cde3b170f,4d18bcba-a346-445e-a182-6cc30b7e066d,5ED,,,,two thousand and thirty point zero,Sacrifice a creature: Add {C}{C}.,,Artifact,Artifact,72bec6ee-7912-554e-b066-07c64d80ed72,,
6656,Douglas Shuler,,paper,white,zero,193198.0,W,,,0.00×10^+00,,,zero,,,,zero,2.00×10^+03,,zero,0,0,1,0.00×10^+00,0,0,0,0,1,0,1,0,0.00×10^+00,0,,normal,zero,zero,,,16642.0,4251.0,,16370033-58a0-5b3e-a8b0-77d1d1b60107,,,,Plains,79,zero,,,,,"10E,2ED,2XM,3ED,4BB,4ED,5ED,6ED,7ED,8ED,9ED,AKH,AKR,ALA,ANA,ANB,ARC,ATH,AVR,BBD,BFZ,BRB,C13,C14,C15,C16,C17,C18,C19,CED,CEI,CHK,CM2,CMA,CMD,CMR,CST,DDC,DDE,DDF,DDG,DDH,DDI,DDK,DDL,DDN,DDO,DDP,DDQ,DOM,DTK,DVD,E01,ELD,FBB,FRF,G17,GK1,GK2,GN2,GNT,GRN,GS1,H09",,"{'cardKingdom': 'https://mtgjson.com/links/9d9a87624711e941', 'cardmarket': 'https://mtgjson.com/links/e7f2a50cdc3bd223', 'tcgplayer': 'https://mtgjson.com/links/d7fd98771b625a84'}",common,3715381f-5117-41d4-b627-789a6d1ad03a,bc71ebf6-2056-41f7-be35-b2e5c34afa99,ATH,,Plains,Basic,"seventy-nine thousand, six hundred and thirteen point zero",({T}: Add {W}.),,Basic Land — Plains,Land,f01b6ee2-3169-51ba-ac52-5f98e13f2c95,1cc43e09-521d-5565-b664-98bc20987d4a,
