id,name,description,menus_appeared,times_appeared,first_appeared,last_appeared,lowest_price,highest_price
139714,Kogt Pighvar,,1,1,0,0,0.0,0.0
476426,"Sparkling Wines.Heidseick, H. Piper & Co.'s, 2.00",,1,0,1851,1851,2.0,2.0
204635,Capri Scala,,2,3,1914,1966,0.0,1.25
497395,champagne Ruinart,,1,1,1976,1976,0.0,0.0
462738,"Scrambled Eggs, plain ",,1,1,0,0,0.0,0.0
14114,"Rice Cakes, with Somerset Maple Syrup",,2,2,1900,1900,0.0,0.0
347238,Cheese & Celery Salad,,1,1,1938,1938,0.0,0.0
278470,Huitres chaudes au gratin,,1,1,1990,1990,0.0,0.0
363879,Bass & Co. Burke's Red Label(Imp),,1,1,1933,1933,0.0,0.0
151241,"La Bichette blanc, Vin de Pays de L'Herault",,1,1,1983,1983,0.0,0.0
320363,French Fried Pomme de Terre,,1,1,1943,1943,0.0,0.0
77305,"Moselle, Deinhard & Co., Zeltinger",,1,1,1901,1901,0.75,1.5
401203,"Maryland turkey, celery sauce",,1,1,1917,1917,0.8,0.8
500351,"Bread pudding, hard sauce",,1,1,1913,1913,0.1,0.1
406446,Corncakes and Maple Syrup,,1,1,1917,1917,0.1,0.1
370072,"Orange,Sliced",,1,1,1921,1921,0.0,0.0
213116,"Sole ""Meunier"" with salad",,1,1,1971,1971,0.0,0.0
331585,Chocolate Ice Cream with Chocolate or Butterscotch Sauce,,1,1,1940,1940,0.0,0.0
296706,"Spaghetti, Silician Style",,1,1,1955,1955,0.0,0.0
332840,"Crabmeat with Cocktail Sauce, with Dinners, extra",,1,1,1941,1941,0.15,0.15
479283,"83er Umweger Stich den Buben Riesling, Qualitätswein aus der Ortenau, im 0,25 Ltr.Bocksbeutel  -fruchtig, spritzig- Erzeugerabfüllung Winzergenossenschaft Steinbach und Umweg",,1,1,0,0,0.0,0.0
498268,foie de veau au Madère,,1,1,1913,1913,1.5,1.5
189457,PRR Dinner,,1,1,0,0,1.5,1.5
358911,"Broiled Sea Trout, Maitre d'Hotel, potatoes au gratin, fresh vegetables Jardiniere",,1,1,1933,1933,0.0,0.0
456761,"Breast of Lamb Breaded, with Macaroni",,3,3,0,0,0.0,0.0
205577,Echter italienischer Talleggio,,1,1,1968,1968,0.0,0.0
71021,"Scallops, Celery Broil",,2,2,1900,1900,0.5,0.5
59720,Santa Cruz Picked Onions,,1,1,1900,1900,0.15,0.15
389693,Pea Soup a la Fouque,,1,1,1918,1918,,
232027,Fresh Pear or Apple and Bel Paese Cheese,,1,1,1967,1967,0.0,0.0
403436,Poached eggs with new spinach a la creme,,1,1,1917,1917,0.3,0.3
468319,Sang pur de coeur de la terre,,1,1,1912,1912,,
343401,Gilbey's Dry Gin,,1,1,1938,1938,0.0,0.0
161500,Chianti Classico,,4,4,1950,1988,0.0,5.5
206970,Salade: Anchois,,1,1,1900,1900,0.4,0.4
518289,Hattenheimer Nussbrunnen Riesling Cabinet Beerenauslese 1964,,1,1,0,0,0.0,0.0
72453,"Frog legs sauté, provencale",,2,2,1907,1962,0.6,4.0
479238,"83er Jechtinger Vulkanfelsen Weißburgunder, QbA -trocken- Erzeugerabfüllung Winzergenossenschaft Jechtingen",,1,1,0,0,0.0,0.0
71223,Algerienne au Chester,,1,1,1899,1899,0.0,0.0
131464,Cup tea with 2 rolls,,1,1,0,0,0.05,0.05
249368,Prime Tenderloin Steak ,,1,1,1959,1959,5.25,5.25
509429,"Pouilly Vinzelles, Thevenin white wine 1983, french bottled",,1,1,0,0,0.0,0.0
491249,"Vine Cliff  1995, Napa",,1,1,1998,1998,45.0,45.0
418364,Combinacion Mexicano (Served with Mexican Village Romaine Salad),,1,1,1967,1967,,
290970,Morvan Ham Porte-Maillot,,1,1,1957,1957,0.0,0.0
464664,"Round Bond Veal Cutlet, Plain, Potatoes",,1,1,1917,1917,0.45,0.45
291867,Coquilles Saint-Jacques Thermidor,,1,1,1963,1963,0.0,0.0
350929,Breast of Guinea Hen Complete,,1,1,1933,1933,0.0,0.0
53141,Calves Head a la Vinaigerette.,,1,1,1901,1901,0.0,0.0
175725,STUBS PILS,,1,1,1975,1975,0.0,0.0
427870,"Fromage de Chaumes mit Normandiebutter, geeister Birne und blauen Trauben",,1,1,1976,1976,,
31896,"Grommes & Ullrich's National Club, Individual Bottle",,2,2,1901,1901,0.2,0.2
302875,Chicken Gombo a la Creole,,1,1,1955,1955,0.0,0.0
224951,"STEAMED CLAMS, PLAIN with cup of Broth and Melted Butter",,1,1,1965,1965,1.85,1.85
114596,Larded Sirloin of Beef Garni with Cauliflower,,1,1,1901,1901,0.0,0.0
461861,Scrambled [eggs] with asparagus tips (for one),,1,0,0,0,0.0,0.0
352071,Anitra...s.g.,,1,1,0,0,0.0,0.0
156456,Millers High Life,,4,4,1955,1959,0.45,0.5
142319,Braised Fish Tails (carp),,1,1,1969,1969,0.0,0.0
380751,Rossolnick aux Agourtzamis,,1,1,1916,1916,,
327554,Hors d'Oeuvres Margaret Rose,,1,1,1939,1939,0.0,0.0
155441,Chateau Lahaye St Estephe 70,,1,1,0,0,0.0,0.0
513320,P R R SALAD BOWL with Ry-Krisp,,1,1,0,0,0.5,0.5
113911,Orange Fritters--Sauce,,1,1,1900,1900,0.0,0.0
309096,BROOD,,1,1,1958,1958,0.0,0.0
205469,Brombeeren Walterspiel,,1,1,1968,1968,0.0,0.0
430647,"Cordials, iced",,1,1,1914,1914,0.3,0.3
341422,"Milk-Fed Chicken, Marjoram Stuffing, Giblet Sauce",,1,1,1934,1934,0.0,0.0
312765,"Special Club Steak, French Fried Potatoes, Rolls and Butter",,1,1,1949,1949,1.85,1.85
263095,"Mushroom caps  Large fresh mushrooms filled with Romano, mozzarella, spinach and a little garlic.  Irresistible!",,1,1,1987,1987,0.0,0.0
270551,"Blanc de Blanc, Brut 1952",,1,1,1961,1961,0.0,0.0
445505,"ROAST SPRING LAMB, MINT SAUCE AND GREEN PEAS",,1,1,1914,1914,0.3,0.3
72257,Souvaroff,,1,1,1896,1896,0.0,0.0
95851,Sweet Potatoes Nassau Style,,1,1,1901,1901,0.0,0.0
35622,Claret Cub,,1,1,1901,1901,0.75,1.5
327542,"American, Swiss or Cream Cheese with Toasted Wafers",,1,1,1939,1939,0.0,0.0
90317,Marsala Madeira wine,,1,1,1900,1900,1.0,2.0
111653,Turban de Sarcelles aux olives,,1,1,1888,1888,0.0,0.0
456417,Brazen Head Salad   -  Galway Ham Howth Tongue Ox  Mountain Beef,,1,1,0,0,0.0,0.0
42275,Boiled Codfish Anchovy Sauce,,1,1,1900,1900,0.3,0.3
364394,"Dindonneaux rotis, Pommes pailles, Salade de Saison",,2,2,1906,1906,0.0,0.0
256074,J. & B. Rare Scotch,,1,1,1962,1962,0.85,0.85
399977,"20- Veal cutlet sautee, sliced tomatoes, French fried potatoes",,1,1,1917,1917,0.75,0.75
338379,Mignon of Beef Hunter Style,,1,1,1937,1937,0.0,0.0
189775,Preserved Fresh Lychee Nuts,,1,1,1938,1938,0.0,0.0
112213,Bar-le-Duc: Currants or Strawberries,,1,1,1907,1907,0.4,0.4
