id,menu_page_id,cost,maxCost,dish_id,createdTimestamp,modifiedTimestamp,xCoordinate,yCoordinate
1367028,77154,0.1,,492751.0,two thousand and fourteen.eleven.twenty-four 20:37:51 UTC,2014-Nov-24 20:37:51 UTC,0.122667,0.817873
883452,62137,0.3,,5345.0,two thousand and twelve.four.nine 22:40:01 UTC,2012-Apr-09 22:40:01 UTC,0.525714,0.204486
141313,10273,,,23832.0,two thousand and eleven.five.one 17:35:41 UTC,2011-May-01 17:35:41 UTC,0.417143,0.521378
592637,49319,,,2685.0,two thousand and eleven.ten.six 16:20:22 UTC,2011-Oct-06 16:20:22 UTC,0.594286,0.628938
780034,57241,0.7,,132722.0,two thousand and twelve.two.four 06:25:37 UTC,2012-Feb-04 06:25:37 UTC,0.385714,0.147914
1152418,70051,0.35,,8533.0,two thousand and twelve.eleven.four 16:18:35 UTC,2012-Nov-04 16:18:35 UTC,0.74,0.768462
1197961,71857,0.4,,444905.0,two thousand and thirteen.one.twenty-five 02:00:17 UTC,2013-Jan-25 02:00:17 UTC,0.712,0.172873
60451,9162,,,2433.0,two thousand and eleven.four.twenty-five 20:15:07 UTC,2011-Apr-25 20:15:07 UTC,0.454286,0.760181
870313,61230,,,24241.0,two thousand and twelve.three.twenty-nine 15:55:14 UTC,2012-Mar-29 15:55:14 UTC,0.325714,0.244687
1042698,67136,0.4,,2055.0,two thousand and twelve.eight.nine 22:11:04 UTC,2012-Aug-09 22:11:04 UTC,0.725333,0.588889
1205250,72085,0.25,,378488.0,two thousand and thirteen.two.one 04:05:37 UTC,2013-Feb-01 04:05:37 UTC,0.756,0.793247
647599,52703,,,194808.0,two thousand and eleven.eleven.seventeen 06:18:04 UTC,2011-Nov-17 06:18:04 UTC,0.484286,0.481488
1289590,66821,0.6,,389116.0,two thousand and thirteen.five.fourteen 07:07:43 UTC,2013-May-14 07:07:43 UTC,0.301333,0.638826
8989,1813,0.15,,5046.0,two thousand and eleven.four.twenty 22:01:04 UTC,2011-Apr-20 22:01:04 UTC,0.117143,0.790308
225717,12506,,,23157.0,two thousand and eleven.five.twelve 21:52:07 UTC,2011-May-12 21:52:07 UTC,0.175714,0.541873
1324528,74917,,,477027.0,two thousand and thirteen.twelve.seven 03:29:12 UTC,2013-Dec-07 03:29:12 UTC,0.217333,0.494519
81406,3447,0.1,,14166.0,two thousand and eleven.four.twenty-seven 02:11:42 UTC,2011-Apr-27 02:11:42 UTC,0.575714,0.426804
262264,26913,,,73884.0,two thousand and eleven.five.twenty 20:24:40 UTC,2011-May-20 20:24:40 UTC,0.348571,0.779887
1288468,68900,0.5,,105958.0,two thousand and thirteen.five.five 06:41:14 UTC,2013-May-05 06:41:14 UTC,0.146667,0.681735
929570,63189,0.4,,4199.0,two thousand and twelve.five.ten 23:09:34 UTC,2012-May-10 23:50:14 UTC,0.592857,0.60205
645768,52505,0.5,,237146.0,two thousand and eleven.eleven.sixteen 02:08:15 UTC,2011-Nov-16 02:08:15 UTC,0.617143,0.867751
623211,51003,2.2,,223565.0,two thousand and eleven.eleven.four 16:16:20 UTC,2011-Nov-04 16:16:20 UTC,0.131429,0.40118
192199,2027,0.15,,91.0,two thousand and eleven.five.seven 02:40:25 UTC,2011-May-07 02:40:25 UTC,0.541429,0.661285
1064090,67715,0.7,,399469.0,two thousand and twelve.eight.twenty-four 02:09:13 UTC,2012-Aug-24 02:09:13 UTC,0.206667,0.54089
1343649,62720,0.1,,185022.0,two thousand and fourteen.eight.twenty-six 01:56:42 UTC,2014-Aug-26 01:56:42 UTC,0.690667,0.104543
93515,10070,,,33809.0,two thousand and eleven.four.twenty-seven 20:09:07 UTC,2011-Apr-27 20:09:07 UTC,0.337143,0.334484
872871,61636,,,339938.0,two thousand and twelve.three.thirty-one 23:30:48 UTC,2012-Mar-31 23:30:48 UTC,0.332857,0.273701
393450,36118,0.5,0.9,111451.0,two thousand and eleven.six.twenty-three 17:03:19 UTC,2011-Jul-14 05:28:02 UTC,0.17,0.315066
215540,7733,,,25386.0,two thousand and eleven.five.eleven 00:51:59 UTC,2011-May-11 00:51:59 UTC,0.595714,0.391859
788397,57938,0.35,,136438.0,two thousand and twelve.two.eight 19:48:02 UTC,2012-Feb-08 19:48:02 UTC,0.785714,0.62938
1291365,67213,0.4,,378891.0,two thousand and thirteen.five.thirty 15:42:46 UTC,2013-May-30 15:42:46 UTC,0.653333,0.166875
906209,28757,,,6087.0,two thousand and twelve.four.twenty-eight 23:17:22 UTC,2012-Apr-28 23:17:22 UTC,0.41,0.769266
1125273,67712,0.45,,11616.0,two thousand and twelve.ten.three 01:42:21 UTC,2012-Oct-03 01:42:21 UTC,0.246667,0.757389
847159,60627,,,174104.0,two thousand and twelve.three.fifteen 06:25:35 UTC,2012-Mar-15 06:25:35 UTC,0.102857,0.7844
186112,20748,,,54269.0,two thousand and eleven.five.six 16:30:10 UTC,2011-May-06 16:30:10 UTC,0.334286,0.892056
21054,4905,0.1,,10876.0,two thousand and eleven.four.twenty-one 17:28:39 UTC,2011-Apr-21 17:28:39 UTC,0.511429,0.876431
907080,63658,,,10861.0,two thousand and twelve.four.twenty-nine 18:07:40 UTC,2012-Apr-29 18:07:40 UTC,0.175714,0.352169
943209,62250,0.15,,2761.0,two thousand and twelve.five.eighteen 19:05:11 UTC,2012-May-18 19:05:11 UTC,0.771429,0.615738
140903,5097,,,9009.0,two thousand and eleven.five.one 16:13:04 UTC,2011-May-01 16:13:21 UTC,0.595714,0.701262
946335,63078,0.45,,355961.0,two thousand and twelve.five.twenty-one 18:28:54 UTC,2012-May-21 18:28:54 UTC,0.191429,0.637837
390817,36336,,,405051.0,two thousand and eleven.six.twenty-two 21:36:44 UTC,2012-Sep-06 19:46:43 UTC,0.2,0.551341
112607,9302,,,8363.0,two thousand and eleven.four.twenty-eight 20:04:44 UTC,2012-Feb-01 21:23:28 UTC,0.134286,0.47322
524964,46229,7.25,,168080.0,two thousand and eleven.eight.nineteen 19:56:55 UTC,2011-Aug-19 19:57:40 UTC,0.19,0.632515
1326021,74763,0.4,,5068.0,two thousand and thirteen.twelve.twenty 03:52:46 UTC,2013-Dec-20 03:52:46 UTC,0.129333,0.64613
490031,44757,12.0,,417002.0,two thousand and eleven.seven.thirty-one 05:01:06 UTC,2012-Sep-30 17:25:45 UTC,0.03,0.810428
448829,33407,0.25,,2040.0,two thousand and eleven.seven.ten 18:49:23 UTC,2011-Jul-10 18:49:23 UTC,0.122857,0.581232
575188,49140,,,1177.0,two thousand and eleven.nine.twenty 23:51:03 UTC,2011-Sep-20 23:51:03 UTC,0.357143,0.269718
201157,13128,,,219.0,two thousand and eleven.five.eight 20:46:23 UTC,2011-May-08 23:45:33 UTC,0.217143,0.690775
876619,61577,,,342634.0,two thousand and twelve.four.three 22:57:14 UTC,2012-Apr-03 22:57:14 UTC,0.22,0.343207
675151,54115,0.75,,18166.0,two thousand and eleven.twelve.eight 21:06:33 UTC,2011-Dec-08 21:06:33 UTC,0.698571,0.554509
139599,13732,,,411.0,two thousand and eleven.five.one 11:24:28 UTC,2011-May-01 11:24:28 UTC,0.617143,0.563288
1210149,72462,0.25,,442299.0,two thousand and thirteen.two.six 21:27:24 UTC,2013-Feb-06 21:27:24 UTC,0.352,0.298548
847996,59961,,,331925.0,two thousand and twelve.three.sixteen 00:39:03 UTC,2012-Mar-16 00:39:03 UTC,0.355714,0.700789
453357,29822,0.35,,100315.0,two thousand and eleven.seven.eleven 21:27:50 UTC,2011-Jul-11 21:27:50 UTC,0.507143,0.827309
586391,49681,,,21806.0,two thousand and eleven.ten.three 12:21:23 UTC,2011-Oct-05 00:21:21 UTC,0.525714,0.917425
1205702,67257,1.2,,389196.0,two thousand and thirteen.two.two 15:43:11 UTC,2013-Feb-02 15:43:11 UTC,0.276,0.754146
473947,33466,0.35,,9493.0,two thousand and eleven.seven.nineteen 17:03:29 UTC,2011-Jul-19 17:03:29 UTC,0.127143,0.15257
1354939,76392,0.2,0.45,85352.0,two thousand and fourteen.nine.twenty-eight 06:09:57 UTC,2014-Sep-28 06:09:57 UTC,0.630667,0.631778
255387,25783,0.3,5.25,206629.0,two thousand and eleven.five.nineteen 19:41:13 UTC,2011-Oct-13 15:05:48 UTC,0.0685714,0.152214
43174,11152,,,83.0,two thousand and eleven.four.twenty-three 02:32:13 UTC,2011-Apr-23 02:32:13 UTC,0.337143,0.446938
841972,60139,2.75,5.0,325247.0,two thousand and twelve.three.eleven 11:49:09 UTC,2012-Mar-11 11:49:23 UTC,0.141429,0.502926
651012,52501,0.35,,162481.0,two thousand and eleven.eleven.nineteen 20:50:31 UTC,2011-Nov-19 20:50:31 UTC,0.835714,0.873212
1054532,69007,0.3,,375126.0,two thousand and twelve.eight.eighteen 17:40:07 UTC,2012-Aug-18 17:40:07 UTC,0.684,0.860445
866688,61298,0.35,,54090.0,two thousand and twelve.three.twenty-seven 07:11:25 UTC,2012-Mar-27 07:11:25 UTC,0.12,0.405603
