date_of_order,order_identifier,client_id,orderUrgency,shippingUrgency,staff_member,orderState,aggregateCost,note_text
MCMXCIII-IV-I,"seventy-one thousand, seven hundred and seventy-nine",29884,2-HIGH,zero,Clerk#000000920,F,236331.76,idly pending foxes wake. carefully regular foxes sleep dari
MCMXCVII-IX-XVI,"one million, eight hundred and eighty-three thousand, one hundred and eleven",8816,4-NOT SPECIFIED,zero,Clerk#000000135,O,36090.72,quickly even courts sleep furiously across the blithely pending packages.
MCMXCII-X-XIX,"four million, five hundred and seventy-four thousand, three hundred and sixty-nine",101012,3-MEDIUM,zero,Clerk#000000029,F,208497.46,carefully bold courts nag slowly above the doggedly fin
MCMXCVI-X-XX,"five million, nine hundred and ninety thousand and fifty",121751,2-HIGH,zero,Clerk#000000927,O,199141.22,enticing packages haggle. regular bold requests haggle. furiously pending pac
MCMXCVII-I-IX,"two million, one hundred and eighty-four thousand, seven hundred and seventy-four",149668,1-URGENT,zero,Clerk#000000929,O,15632.49,carefully ironic platelets snooze fu
MCMXCVII-I-VI,"five million, seven hundred and thirty-three thousand, four hundred and twelve",4345,2-HIGH,zero,Clerk#000000510,O,35997.06,furiously regular accounts boost slyly. busily unusual instructions lose. car
MCMXCII-II-XXI,"one million, six hundred and seventy-three thousand, nine hundred and fifty-four",14762,5-LOW,zero,Clerk#000000150,F,130156.83,furiously regular accou
MCMXCVIII-II-XXVI,"four million, forty-eight thousand, four hundred and eighty-six",143770,2-HIGH,zero,Clerk#000000426,O,209282.83,quickly final deposits sleep slyly. pending asymptotes boost around the q
MCMXCVI-VII-XI,"one million, three hundred and twenty-nine thousand, seven hundred and ninety-four",69934,3-MEDIUM,zero,Clerk#000000538,O,260101.75,quickly even excuses against the pinto beans play around the s
MCMXCV-II-VIII,"five million, five hundred and twenty-seven thousand, one hundred and five",15160,1-URGENT,zero,Clerk#000000180,F,207417.1,bold dogged packages haggle slyly carefull
MCMXCIV-X-XXV,"one million, eighty-two thousand, six hundred and thirty",38587,4-NOT SPECIFIED,zero,Clerk#000000168,F,60414.05,express deposits detect against the ironic bol
MCMXCIV-XI-XXIV,"five million, seven hundred and ninety-six thousand, eight hundred and sixty-five",100043,2-HIGH,zero,Clerk#000000474,F,47960.63,slyly final courts lose slyly furiously unusual instructions. 
MCMXCVIII-III-VI,"two million, five hundred and fifty-four thousand and eighty-seven",118888,1-URGENT,zero,Clerk#000000687,O,194045.97,special foxes nag around the blithely b
MCMXCVIII-I-IX,"four million, five hundred and thirty-two thousand, eight hundred and thirty-seven",20411,4-NOT SPECIFIED,zero,Clerk#000000731,O,116271.69,theodolites haggle quickly final foxes. blithely express accou
MCMXCV-XI-IX,"five million, nine hundred and twenty-two thousand, three hundred and seventy-four",55535,3-MEDIUM,zero,Clerk#000000836,O,62760.35,foxes lose carefully. qui
MCMXCVII-X-III,"three hundred and seventy-eight thousand, nine hundred and seventy-eight",74308,4-NOT SPECIFIED,zero,Clerk#000000979,O,85271.56,fluffily blithe packages sleep carefully outside the furiously idle accounts.
MCMXCII-XII-XI,"four million, seven hundred and twenty-two thousand, five hundred and thirty-one",63689,4-NOT SPECIFIED,zero,Clerk#000000627,F,62677.89,quickly final dugouts sleep among the slyly bold requests. pending fina
MCMXCIV-X-IX,"two hundred and ninety-nine thousand, five hundred and ninety",22664,3-MEDIUM,zero,Clerk#000000976,F,114131.04,special dolphins boost carefully. slyly ironic dependencies aga
MCMXCII-VII-XX,five hundred and seventy-eight thousand and nineteen,126770,1-URGENT,zero,Clerk#000000824,F,158999.44,accounts about the care
MCMXCIII-VII-XIII,"six hundred and thirty-four thousand, eight hundred and twenty-two",50812,5-LOW,zero,Clerk#000000096,F,73067.86,busily regular deposits doubt furiously. regular final 
MCMXCVII-X-II,"three hundred and ten thousand, one hundred and seventy-nine",122270,1-URGENT,zero,Clerk#000000879,O,129170.17,regular deposits along the blithely final accounts maintai
MCMXCVIII-V-III,"three million, five hundred and thirty-three thousand, four hundred and forty-five",85499,1-URGENT,zero,Clerk#000000415,O,23880.0,carefully special requests haggle slyly. final accounts i
MCMXCV-VI-XVI,"three million, eight hundred and thirty-seven thousand, six hundred and sixty-five",40579,5-LOW,zero,Clerk#000000920,O,160128.09,slyly final packages wake slyly. quickly regular deposi
MCMXCIII-XII-XXXI,"four million, one thousand, seven hundred and one",106924,5-LOW,zero,Clerk#000000318,F,246252.92,fluffy accounts cajole. furiously sile
MCMXCII-V-XXIX,"five million, seven hundred and ten thousand, seven hundred and eighty-six",108385,3-MEDIUM,zero,Clerk#000000187,F,125618.7,carefully unusual ideas cajole against the final foxe
MCMXCVII-III-XIII,"five million, eight hundred and eighty-four thousand, eight hundred and thirty-five",11216,5-LOW,zero,Clerk#000000836,O,238248.9,ironic ideas nag slyly fluffily regular packag
MCMXCIII-I-XVIII,"two million, four hundred and ninety-seven thousand, one hundred and ninety-one",137024,5-LOW,zero,Clerk#000000771,F,196408.46,carefully final accounts haggle. carefully ironic pinto beans are. eve
MCMXCIV-III-XXIV,"two hundred and six thousand, four hundred and ninety-seven",58193,1-URGENT,zero,Clerk#000000395,F,169811.82,busily final packages affix against the bold special ideas. carefully 
MCMXCVI-XII-III,"eight hundred and twelve thousand, four hundred and fifty-three",88988,1-URGENT,zero,Clerk#000000448,O,122481.72,ironic even packages thr
MCMXCII-II-XXIX,"three million, one hundred and ninety-nine thousand, four hundred and twenty-six",70633,1-URGENT,zero,Clerk#000000582,F,40458.74,unusual packages sleep blithely. final unusual ideas doze flu
MCMXCII-X-XV,"one million, two hundred and thirty thousand, eight hundred and twenty",69295,4-NOT SPECIFIED,zero,Clerk#000000494,F,296981.22,silent excuses above the caref
MCMXCIV-VI-XXV,"eight hundred and forty-eight thousand, one hundred and sixty-seven",131128,5-LOW,zero,Clerk#000000026,F,136752.14,quickly final pinto beans detect. special requests unwind blithely th
MCMXCVI-XII-XXVI,"two million, thirty-three thousand, four hundred and forty-seven",2828,5-LOW,zero,Clerk#000000632,O,49793.93,slyly furious packages against the slyly final pinto beans 
MCMXCIV-II-XXIV,"two million, one hundred and eighty-six thousand, two hundred and seventy-eight",133430,2-HIGH,zero,Clerk#000000199,F,350620.84,quick quick deposits are quickly carefully regular instructions. blithel
MCMXCII-IX-XXVI,"two million, eight hundred and ninety-four thousand, six hundred and twenty-seven",79621,3-MEDIUM,zero,Clerk#000000113,F,167619.66,doggedly regular ideas use alongside of the 
MCMXCVII-XII-XXVIII,"three million, seven hundred and five thousand and sixty-three",118969,2-HIGH,zero,Clerk#000000471,O,222380.44,blithely silent instructions x-ray special deposits. furiously regular deposit
MCMXCV-V-XVIII,"five million, six hundred and fifty-three thousand, eight hundred and twenty-six",93235,3-MEDIUM,zero,Clerk#000000830,P,256846.4,dependencies against the unusual pinto bean
MCMXCIV-VII-VI,"three million, two hundred and seventy-six thousand, two hundred and fifty-eight",130003,2-HIGH,zero,Clerk#000000975,F,124438.21,furiously regular platelets cajole alongside of the pending spec
MCMXCVI-X-XVIII,"four million, ninety-four thousand, four hundred and two",90817,4-NOT SPECIFIED,zero,Clerk#000000666,O,109738.85,unusual platelets wak
MCMXCIV-VI-III,"two million, five thousand, four hundred and nine",15088,1-URGENT,zero,Clerk#000000136,F,382219.53,carefully bold pinto beans are idle accounts. expre
MCMXCIV-I-XIII,"three million, sixty-eight thousand, one hundred and thirty",29956,3-MEDIUM,zero,Clerk#000000171,F,148118.1,slyly pending accounts dazzle at the packages. slyl
MCMXCIV-VII-XXIX,"three million, seventy-five thousand, one hundred and seventy-three",11846,2-HIGH,zero,Clerk#000000068,F,210783.57,requests wake blithely furiously unusual theodolites. deposits a
MCMXCVI-XI-XX,"seven hundred and thirty-seven thousand, seven hundred and ninety-three",117628,3-MEDIUM,zero,Clerk#000000269,O,198968.59,blithely special dependencies 
MCMXCIII-V-VI,"four million, eight hundred and seventy-one thousand, two hundred and seventy",58612,5-LOW,zero,Clerk#000000367,F,81831.19,furiously regular requests cajole. pending packages haggle. final even i
MCMXCIV-VIII-XXVII,"two million, five hundred and twenty-nine thousand, three hundred and seventeen",97883,5-LOW,zero,Clerk#000000598,F,59647.97,slyly regular deposits among the slyly silent packages engage 
MCMXCVII-X-XXIX,"two million, eight hundred and eighty thousand, one hundred and sixty-four",117914,3-MEDIUM,zero,Clerk#000000036,O,65993.99,carefully pending dependencies haggle slyly.
MCMXCVI-V-XX,"eighty-six thousand, nine hundred and fifty-one",131764,3-MEDIUM,zero,Clerk#000000253,O,57100.14,blithely special accou
MCMXCIV-I-X,"seven hundred and ninety-six thousand, two hundred and twenty-eight",70786,2-HIGH,zero,Clerk#000000750,F,286644.89,accounts use slyly slyly busy packages. furiously regular platelets sleep q
MCMXCVIII-III-VIII,"one million, one hundred and thirty-six thousand, nine hundred and one",18698,1-URGENT,zero,Clerk#000000608,O,148006.8,silent requests try to haggle among the packages. deposits 
MCMXCII-I-XXV,"three million, five hundred and ninety-two thousand, four hundred and eighty-five",95818,1-URGENT,zero,Clerk#000000808,F,9786.9,daringly regular requests serve carefu
MCMXCVII-VIII-XXIII,"four million, two hundred and forty-nine thousand, seven hundred and ninety-five",122600,4-NOT SPECIFIED,zero,Clerk#000000028,O,132086.08,carefully regular instructions cajole blithely unusual account
MCMXCVIII-VI-XVI,"five million, six hundred and twenty-four thousand, one hundred and thirty-one",129241,4-NOT SPECIFIED,zero,Clerk#000000567,O,11100.9,slyly bold instructions dete
MCMXCVII-I-XVII,"one million, three hundred and eighty-two thousand, two hundred and seventy-five",134497,2-HIGH,zero,Clerk#000000830,O,35967.74,furiously special accounts play s
MCMXCIII-XII-VIII,"three million, six hundred and three thousand, two hundred and sixty-four",29705,5-LOW,zero,Clerk#000000072,F,209295.87,slyly ironic instructions haggle quickly. carefully ironic requests wake. 
MCMXCVII-VII-IX,"five million, two hundred and ninety thousand and fifty",146447,5-LOW,zero,Clerk#000000689,O,142072.8,express accounts across the slyly regular accounts use quickly
MCMXCII-IX-V,"two million, seven hundred and twenty thousand, three hundred and twenty-one",111509,2-HIGH,zero,Clerk#000000843,F,242731.43,fluffily final theodolites sleep. fin
MCMXCIV-III-IV,"four million, three hundred and twenty-eight thousand, two hundred and fifty-eight",102988,3-MEDIUM,zero,Clerk#000000322,F,66200.31,slyly bold deposits sleep. pending patterns haggle about the sl
MCMXCVII-XI-XII,"one million, nine hundred and thirty-five thousand and nine",83287,3-MEDIUM,zero,Clerk#000000769,O,181778.55,carefully pending packages haggle according to the patterns? even acco
MCMXCIV-IX-XVIII,"two million, six hundred and forty-two thousand, two hundred and fifteen",130048,1-URGENT,zero,Clerk#000000543,F,112760.17,furiously final foxes about the regula
MCMXCVI-III-II,"four million, eight hundred and nine thousand, nine hundred and eighty-four",7726,1-URGENT,zero,Clerk#000000579,O,42969.88,regular packages sleep fluffily-- blithely ironic requests use among th
MCMXCII-II-XX,"two million, nine hundred and sixty-seven thousand, four hundred and ninety-three",19127,4-NOT SPECIFIED,zero,Clerk#000000797,F,139127.01,even requests wake slyly along the furiously final foxes. fluffily fin
