ps_partkey,ps_suppkey,ps_supplycost,ps_comment
88934,1443,778.02,accounts integrate regular dependencies. furious express ideas sleep slyly after the ironic pinto beans. carefu
135788,3328,581.94,fluffily ironic requests across the furiously unusual packages cajole slyly regular accounts. carefully final warthogs at the furiously ironi
100824,8355,533.71,pending requests haggle fluffily across the bold bold pinto beans. fluffily even excus
69575,7094,211.92,pinto beans are dependencies! furiously silent packages cajole carefully among the quickly final accounts. ruthlessly ironic the
117625,5159,923.89,carefully pending dependencies wake carefully final requests. blithely ironic packages sleep before the care
147910,425,484.59,fluffily pending instructions wake blithely about the quickly final ideas. ideas cajole furiously above the blithely silent pinto beans! slyly regular excuses haggle furiously
165908,8425,790.17,pending foxes about the even requests are blithely carefully ironic instructions? carefully silent pinto beans through the furiously regular deposits haggle according to the regu
77036,4558,206.68,blithely ironic platelets cajole slyly alongside of the final even theodolites. slyly regular dependencies
100031,32,797.53,slyly final escapades sleep carefully? final orbits haggle fluffily blithely express requests. carefully regular dolphins sleep furiously along the depos
176704,9222,947.77,blithely pending instructions around the slyly pending packages sublate
27881,5388,166.95,daringly unusual packages use blithely against the 
90456,2966,178.64,carefully pending ideas wake carefully carefully regular platelets. slyly brave deposits above the final requests wake according to the fu
2956,5457,139.36,fluffily bold ideas play about the slyly final requests. dinos sleep. furiously regular platelets are alongside of the furiously regular foxes. pinto beans about the blithely
163046,595,842.64,slyly special foxes sleep deposits. furiously regular foxes sleep. pending ideas sleep idly after the furiously express foxes. quickly re
91085,1086,120.06,slyly express instructions lose among the accounts. regular even pinto bean
37507,11,134.18,final special requests beside the ironic bold packages nag blithely unusual courts. fluffily regular packages cajole after the final foxe
58278,8279,62.43,special deposits cajole ruthlessly blithely special excuses. furiously silent pinto beans are furiously. requests haggle silent
116949,9461,980.26,even regular platelets could have to nag carefully regular ironic dugouts. unusual deposits haggle carefully quickly final accounts. carefully unusual accounts are. blithely si
194294,1852,290.14,slyly pending foxes sleep quickly according to the final instructions. carefully unusual theodolites integrate carefully bo
193872,3873,517.46,special regular escapades sleep ironic unusual foxes. carefully special platelets boost carefully slyly express accounts. carefully ironic theodolites are blithely across the reg
162879,5396,110.34,deposits are slyly ruthlessly final deposits. blithely silent pinto beans sleep after the regular deposits; blithely bold deposits detect! furiously 
196467,4025,484.39,ironic busy requests maintain along the slyly regular instructions. quickly bold pinto beans sleep closely above th
179108,1626,262.28,blithely quick requests haggle. final express epitaphs boost. regular idle deposits sleep quickly. ironic silent warthogs cajole quickly carefully special deposits. carefu
111122,3634,635.96,ironic theodolites detect above the final silent accounts. slyly regular instructions sleep. pending deposits haggle sly
5834,5835,884.82,deposits boost. slyly ironic requests use around the final accounts.
163631,3632,618.66,quickly bold frays beyond the ironic platelets detect about the quickly express foxes. courts detect acr
119587,2099,875.02,carefully final instructions haggle carefully after the quickly bold ideas. silent platelets aro
194067,4068,862.82,ironic even platelets wake. final theodolites cajole quickly. furiously final dependencies affix furiously regular unusual excuses. boldly final packages use furiously. blithely regular accounts are
49923,2428,872.06,carefully ironic accounts sleep after the quickly ironic accounts. unusual final accounts cajole slyly pending requests. slyly ironi
120069,2582,879.17,fluffy deposits wake fluffily along the blithely bold courts. furiously fina
65272,5273,108.68,quickly silent requests impress carefully. ironic requests nag slyly across the blithely pending packages. slyly special instructions are accounts! even packa
119512,7046,823.89,fluffily silent foxes sleep. requests are. quickly regular pinto 
19961,4964,890.88,slyly final realms boost along the blithely ironic accoun
148225,5768,657.14,special ironic ideas use furiously after the ironic foxes. accounts wake quickly bold deposits. quickly special foxes hang after the ironic ironic accounts. fox
64837,4838,561.5,bold deposits about the blithely regular instructions poach carefully carefully regular instructions. regular deposits are carefully. blithely regular packages 
184748,9785,606.92,furiously regular foxes wake furiously ideas. even final foxes are. slyly careful pinto beans wake carefully boldly even accounts. quickly ironic deposits detect against
51061,1062,32.68,fluffily unusual platelets wake slyly. pending ironic request
77290,2305,495.24,fluffily permanent tithes thrash furiously. quickly final dependencies across the ironic platelets cajole blithely beneath the carefully pending requests. thinly bold ideas above the slyly reg
189590,2109,623.23,carefully unusual theodolites was atop the slyly pending requests. fluffily regul
80098,2607,650.36,asymptotes are slyly blithely bold depths. fluffily special pinto beans are slyly furiously unusual instructions. slyly special deposits boost slyly. furio
176287,3839,316.91,even accounts lose blithely unusual regular platelets. blithely express accounts about the carefully even asymptotes boost blithely fluffily regular foxes. unusual depos
139049,1563,614.1,regular theodolites haggle carefully alongside of the furiously ironic platelets. express requests wake quickly regular deposits. furiously regular
101053,3564,254.78,quickly final packages haggle finally pearls. doggedly express accounts whithout the quickly regular accounts cajole ruthlessly carefully regu
2044,9545,878.33,final theodolites affix quickly carefully silent platelets. furiously final packages cajole slyly. foxes sleep bold deposits. platelets above the final deposits print quickly furiously regular a
80442,2951,751.36,furiously regular packages against the carefully ironic excuses wake quickly furiously final asymptotes. ironic pending theodolites doze carefully. quickly special packages sleep quickly furiou
11871,1872,534.29,final ironic accounts detect regular final deposits. packages before the bold fluffy theodolites are slyly furiously ironic sentiments. slyly ironic deposits nag furiously. slyly final instruction
132680,2681,420.72,packages nag. quickly regular pinto beans are furiously furiously permanent packages. 
27833,2838,193.95,quickly ironic dependencies wake fluffily. blithely regular accounts believe 
141032,8575,843.96,requests wake ironic sauternes. theodolites eat about the blithely express accounts. slyly regular deposits above the final regular packages use carefully quickly unusual pac
132363,9903,558.69,carefully express asymptotes haggle carefully. blithe regular forges nag about the pinto beans. slyly final hockey players are ne
126493,4030,657.74,slyly regular foxes integrate at the furiously special frets. dependencies after the carefully special instructions nod furiously final dependencies. regular foxes detect 
138308,8309,372.81,final foxes doze carefully among the even deposits. bold accounts wake furiously requests. slyly spe
116684,6685,187.01,slyly regular platelets about the slyly final instructions cajole carefully unusual Tiresias. carefully unusual f
93298,5808,607.18,furiously ironic deposits are. regular instructions wake quickly quickly express 
18645,6149,625.48,regular final packages among the quickly unusual requests haggle fu
137228,7229,407.19,regular deposits nag quickly regular accounts? carefully regular foxes sleep carefully regular dependencies: bold requests are slyly about the blithely express req
139665,4692,417.38,final asymptotes cajole blithely silent foxes. foxes against the qu
83498,1023,278.79,blithely unusual requests wake about the pinto beans! deposits above the carefully final requests are fluffily blithely even dugouts
153068,3069,601.48,final foxes after the regular silent foxes sleep blithely pending requests. blithely express requests are sly
2676,177,282.08,express foxes haggle above the slyly final dependencies. quickly even epitaphs are quickly across the carefully special packages. carefully regular accounts nag furiously. regular
171688,6723,711.95,carefully regular accounts wake fluffily. silent deposits about the slyly pending requests wake slyly furiously ironic theodolites. pinto beans use carefully above the carefu
58701,1207,548.46,packages wake slyly ironic hockey players. blithely final requests along the blithely even deposits affix along the
7265,9766,856.58,bravely ironic pinto beans wake across the special expre
162324,2325,648.18,even ideas will cajole carefully unusual requests! careful
130174,2688,254.98,final excuses around the ironic warthogs nag quietly along the regular pinto beans. even fluffy requests use along the accounts. quickly express dolphins thrash slyly. slyly special packages 
100879,8410,469.19,busily ironic courts haggle quickly quickly unusual courts. special ideas snooze? final packages engage slyly regular platelets. blithely even packages sle
9009,4010,878.09,warthogs sleep carefully furiously unusual ideas? blithely quick excuses integrate slyly according to the blithely silent deposits. special pinto beans sleep. slyly ironic packages use s
173259,8294,593.12,regular ironic ideas sleep slyly ironic ideas. carefully pending pains breach furiously. carefully regular accounts according to the special braids cajole furiousl
87607,7608,843.04,quickly regular accounts sleep carefully even pinto beans. carefully final warthogs nag. eve
45655,664,321.7,blithely express packages haggle furiously. regular dolphins from the dugouts sleep blithely against the frays. iro
25412,417,604.45,express express packages run slyly slyly special asymptotes. furiously regular packages nag blithe
55473,2989,183.44,slyly ironic deposits haggle blithely carefully pending deposits. express ideas sleep carefully slyly express deposit
152667,7698,628.68,blithely regular tithes haggle blithely. furiously bold accounts alongside of the asymptotes use quickly pending deposits. accounts haggle. quickly ironic accounts boost along the final foxes. even
156338,1369,304.41,final courts according to the pending dolphins sleep across the carefully special packages. pinto beans around the requests 
53790,1306,973.97,regular instructions wake. regular asymptotes cajole about the special deposits. quickly even packages haggle furiously. blithely express orbits haggle; furiously ironic dinos nag slyly.
99052,6580,229.0,slyly regular braids haggle slyly thin packages. fluffily regular requests are about the quickly special theodolites. deposits boost slyly alongside of the furiously special deposits. 
86719,9228,157.89,final accounts along the blithely express theodolites sleep furiously quickly final dependencies-- silent escapades use slyly. fi
97171,2190,264.11,even deposits according to the fluffily even accounts use furiously regular ideas. furiously express deposits was. final dolp
91671,1672,715.37,pinto beans haggle furiously fluffily unusual foxes. slyly regular deposits against the blithely reg
57704,210,313.59,slyly even deposits integrate ironic accounts. even pinto beans sleep slyly. carefully final accounts sleep. final express deposits across the carefully regular accounts use against the even ironic
40687,688,428.11,pending foxes will have to use behind the even requests. regular even packages are carefully. carefully pending packages sublate even deposits. 
78108,8109,598.79,pending courts serve idly around the regular ideas. slyl
89368,1877,360.52,regular courts are: blithely regular attainments haggle. slyly even theodolites among the furiously final theodolites us
120001,2,785.56,final daring instructions wake carefully above the blithely bold requests. blithely pe
87602,7603,99.05,bold silent foxes about the deposits boost carefully regular pinto beans. slyly unusual dependencies after the final foxes affix busily along the boldly
79948,4963,596.37,even theodolites haggle stealthily special foxes. ironically special asymptotes across the final pinto beans s
103403,5914,605.67,furiously unusual requests boost according to the slyly silent deposits. requests sleep above the packages. final special deposits sleep ruthlessly alongside of the fur
169646,2163,79.89,silent final deposits sleep blithely bold regular packages. carefully ironic account
54431,1947,865.88,furious stealthy pinto beans haggle blithely pending instructions. pinto beans around the bold packages are carefully among the excuses
197115,2154,588.09,even pending packages haggle furiously. waters are 
119397,6931,643.47,special excuses nag blithely furiously silent instructions. slowly pending instructions cajole furiously above the express regular packages. packages sublate carefully ironic tit
25148,5149,40.61,deposits use slyly across the pending requests. ironic regular excuses may use slyly ironic platelets. carefully even deposit
119457,4480,797.39,slyly pending theodolites cajole slyly above the blithely regular warthogs. special accounts are after 
91882,6901,75.51,final ideas lose special unusual accounts. regular somas serve blithely alongside of the regular regular packages. silent requests are quickly ironic acco
196727,4285,808.0,excuses cajole slyly slyly bold packages. fluffily final requests sleep carefully about the carefully bold accounts. blithely regular requests boost. regular excuses after 
172911,463,49.81,furiously final packages cajole: carefully even accounts along the carefully final pa
160971,3488,226.81,bold bold excuses after the final requests wake flu
189071,1590,425.53,ironic pending instructions sleep carefully. daring bold requests sleep slyly ideas
195898,5899,552.92,quickly regular accounts cajole blithely carefully regular dependencies. excuses boost furiously along the bu
55328,7834,887.17,regular requests boost toward the regular deposits. slyly unusual accounts boost quickly requests. blithely close theodolites are. furiously express i
98158,668,280.09,regular special deposits wake after the pending requests. blithely even requests use carefully against the regular packag
56759,4275,620.39,fluffily special instructions according to the slyly final requests shall are blithely idle accounts: express regular
82251,9776,542.46,blithely bold ideas use blithely fluffily final accounts. even accounts unwind around the final requests. slyly r
163412,3413,33.85,packages at the slyly bold ideas sleep quickly along the sometimes ironic packages; express braids cajole carefully. quickly final requests wake furiously. platel
58526,1032,828.54,bold ironic pinto beans about the regular pending foxes wake along the slyly regular req
197454,5012,306.65,slyly even hockey players after the blithely ironic requests poach never fluffil
158852,3883,91.16,even foxes haggle furiously slyly final pinto beans. even deposits sleep slyly above the pending pinto beans. furiously regular packages cajole instructions. quickly even deposi
104073,9094,573.99,deposits after the blithely regular packages may sublate slyly along the quickly bold excuses. deposits sleep slyly thinly bold sauternes. blithely ironic somas shall cajole
162819,368,264.79,furiously regular theodolites cajole blithely. quickl
103438,8459,815.46,carefully regular warthogs use furiously. ironic ironic packages cajole furiously ironic theodolites. un
