ELITEID,PlayerName,birthdate,birthyear,birthmonth,birthday_mul100,birthplace,nation,height,weight,position_info,shoots,draftyear,draftround,overall,overallby,CSS_rank,sum_7yr_GP,sum_7yr_TOI,GP_greater_than_0
14389,Danny Hobbs,Jun.21.1989,1989,6,2100,"Ottawa, ON, CAN",Canada,71,192,C/LW,L,2007,7,198,New York Rangers,147,0,0,no
12384,Shea Guthrie,Jul.30.1987,1987,7,3000,"Carleton Place, ON, CAN",Canada,72,198,RW,R,2005,3,76,New York Islanders,117,0,0,no
11456,Ian Cole,Feb.21.1989,1989,2,2100,"Ann Arbor, MI, USA",USA,73,220,D,L,2007,1,18,St. Louis Blues,81,113,1831,yes
21005,Artyom Kryukov,Mar.05.1982,1982,3,500,"Novosibirsk, RUS",Russia,76,220,C,L,2000,1,15,Buffalo Sabres,14,0,0,no
8778,Paul Martin,Mar.05.1981,1981,3,500,"Elk River, MN, USA",USA,73,201,D,L,2000,2,62,New Jersey Devils,18,232,5365,yes
9322,Bill Sweatt,Sep.21.1988,1988,9,2100,"Elburn, IL, USA",USA,72,198,LW,L,2007,2,38,Chicago Blackhawks,27,3,23,yes
3229,Teemu Sainomaa,May.15.1981,1981,5,1500,"Helsinki, FIN",Finland,76,216,C,L,1999,2,62,Ottawa Senators,24,0,0,no
2676,Jani Rita,Jul.25.1981,1981,7,2500,"Helsinki, FIN",Finland,73,212,LW/RW,L,1999,1,13,Edmonton Oilers,5,66,574,yes
18518,Flavien Conne,Apr.01.1980,1980,4,100,"Puidoux, SUI",Switzerlan,70,179,RW/C,L,2000,8,250,Los Angeles Kings,211,0,0,no
10640,Tom Walsh,Apr.22.1983,1983,4,2200,"Arlington, MA, USA",USA,72,201,D,L,2002,5,163,San Jose Sharks,120,0,0,no
7960,Juris Stals,Apr.08.1982,1982,4,800,"Riga, LAT",Latvia,75,201,W/C,L,2001,9,269,New York Rangers,176,0,0,no
14877,Billy Ryan,Oct.23.1985,1985,10,2300,"Milton, MA, USA",USA,73,174,C,L,2004,3,80,New York Rangers,95,0,0,no
3185,Olli Malmivaara,Mar.13.1982,1982,3,1300,"Kajaani, FIN",Finland,78,234,D,L,2000,4,117,Chicago Blackhawks,39,0,0,no
3193,Jussi Timonen,Jun.29.1983,1983,6,2900,"Kuopio, FIN",Finland,72,203,D,L,2001,5,146,Philadelphia Flyers,35,14,199,yes
14868,Michael Forney,May.14.1988,1988,5,1400,"Thief River Falls, MN, USA",USA,74,185,LW,R,2006,3,80,Atlanta Thrashers,39,0,0,no
9450,Bryce Lampman,Aug.31.1982,1982,8,3100,"Rochester, MN, USA",USA,73,198,D,L,2001,4,113,New York Rangers,66,10,182,yes
11462,John Albert,Jan.19.1989,1989,1,1900,"Cleveland, OH, USA",USA,71,190,C/LW,L,2007,6,175,Atlanta Thrashers,122,9,46,yes
9179,Maxim Sushinsky,Jul.01.1974,1974,7,100,"St. Petersburg, RUS",Russia,69,179,RW,L,2000,5,132,Minnesota Wild,211,30,420,yes
11056,Ryan Russell,May.02.1987,1987,5,200,"Caroline, AB, CAN",Canada,70,165,LW/RW,L,2005,7,211,New York Rangers,238,41,478,yes
29020,David Morisset,Apr.06.1981,1981,4,600,"Langley, BC, CAN",Canada,73,192,RW,R,2000,2,65,St. Louis Blues,40,4,45,yes
18444,Igor Shadilov,Jun.07.1980,1980,6,700,"Moskva, RUS",Russia,75,207,D,L,1999,9,249,Washington Capitals,192,0,0,no
15108,Cory Stillman,Mar.02.1983,1983,3,200,"Lindsay, ON, CAN",Canada,73,212,C,L,2001,4,101,New York Islanders,19,0,0,no
43685,David Turon,Oct.04.1983,1983,10,400,"Havirov, CZE",Czech Rep.,74,198,D,R,2002,4,122,Toronto Maple Leafs,28,0,0,no
12389,Andrew Kozek,May.26.1986,1986,5,2600,"Revelstoke, BC, CAN",Canada,71,194,LW/C,L,2005,2,53,Atlanta Thrashers,126,0,0,no
9595,Denis Arkhipov,May.19.1979,1979,5,1900,"Kazan, RUS",Russia,75,216,C,L,1998,3,60,Nashville Predators,54,273,3888,yes
8959,David Moss,Dec.28.1981,1981,12,2800,"Livonia, MI, USA",USA,76,209,RW/LW,R,2001,7,220,Calgary Flames,140,82,967,yes
10432,Dustin Kohn,Feb.02.1987,1987,2,200,"Edmonton, AB, CAN",Canada,73,201,D,L,2005,2,46,New York Islanders,69,22,255,yes
8616,Jiri Fischer,Jul.31.1980,1980,7,3100,"Horovice, CZE",Czech Rep.,77,223,D,L,1998,1,25,Detroit Red Wings,9,283,4679,yes
43320,Petr Svoboda,Jun.20.1980,1980,6,2000,"Jihlava, CZE",Czech Rep.,74,192,D,R,1998,2,35,Toronto Maple Leafs,14,18,269,yes
12761,Brian Passmore,Apr.27.1980,1980,4,2700,Null,Canada,71,181,C,L,2000,7,199,Minnesota Wild,211,0,0,no
3242,Kevin Kantee,Jan.29.1984,1984,1,2900,"Idaho Falls, ID, USA",Finland,74,209,D,L,2002,6,188,Chicago Blackhawks,62,0,0,no
14087,Adam Taylor,Jun.24.1984,1984,6,2400,"Campbell River, BC, CAN",Canada,73,205,C/RW,R,2002,7,224,Carolina Hurricanes,87,0,0,no
61192,James Demone,Jul.01.1982,1982,7,100,"St. Albert, AB, CAN",Canada,78,231,D,L,2000,9,283,Ottawa Senators,189,0,0,no
12048,Lance Monych,Jul.25.1984,1984,7,2500,"Winnipeg, MB, CAN",Canada,74,203,C/RW,R,2002,4,97,Arizona Coyotes,27,0,0,no
8820,R.J. Umberger,May.03.1982,1982,5,300,"Pittsburgh, PA, USA",USA,74,214,LW/RW,L,2001,1,16,Vancouver Canucks,5,228,3464,yes
12256,Justin Krueger,Oct.06.1986,1986,10,600,"Dusseldorf, GER",Germany,75,216,D,R,2006,7,213,Carolina Hurricanes,236,0,0,no
79356,Erik Wendell,Aug.23.1979,1979,8,2300,"Brooklyn Park, MN, USA",USA,73,196,C,L,1998,5,125,Washington Capitals,92,0,0,no
9485,Jonathan Sigalet,Feb.12.1986,1986,2,1200,"Vancouver, BC, CAN",Canada,73,203,D,L,2005,4,100,Boston Bruins,88,1,15,yes
11562,Jekabs Redlihs,Mar.29.1982,1982,3,2900,"Riga, LAT",Latvia,74,190,D,L,2002,4,119,Columbus Blue Jackets,113,0,0,no
17843,Randy Cameron,Jan.28.1989,1989,1,2800,"Cornwall, PE, CAN",Canada,71,194,C,R,2007,5,148,Detroit Red Wings,129,0,0,no
11887,Brandon Yip,Apr.25.1985,1985,4,2500,"Maple Ridge, BC, CAN",Canada,73,198,RW/LW,R,2004,8,239,Colorado Avalanche,138,103,1444,yes
8799,Yan Stastny,Sep.30.1982,1982,9,3000,"Quebec, QC, CAN",USA,70,192,C,L,2002,8,259,Boston Bruins,84,87,917,yes
4229,Benoit Pouliot,Sep.29.1986,1986,9,2900,"Alfred, ON, CAN",Canada,75,194,LW,L,2005,1,4,Minnesota Wild,2,257,3189,yes
110,Peter Nordstrom,Jul.26.1974,1974,7,2600,"Munkfors, SWE",Sweden,74,194,LW,L,1998,3,78,Boston Bruins,92,2,16,yes
