Id,TagName,Count,ExcerptPostId,WikiPostId
179,entropy,135,6.88×10^+04,68820.0
791,composite,37,,
830,arma,129,4.08×10^+04,40831.0
930,identifiability,27,,
826,conjoint-analysis,17,5.71×10^+04,57081.0
1037,media,8,1.64×10^+04,16419.0
130,interval,50,,
334,relative-risk,32,4.67×10^+04,46724.0
127,data-mining,668,1.94×10^+04,19423.0
188,probability,2081,2.03×10^+04,20255.0
1033,group-differences,167,6.93×10^+04,69284.0
369,plyr,2,8.07×10^+04,80678.0
601,marginal,78,6.88×10^+04,68823.0
1795,record-linkage,2,,
672,shrinkage,29,,
498,latent-variable,90,6.86×10^+04,68626.0
74,forecasting,608,3.19×10^+03,3189.0
1361,local-statistics,3,,
537,empirical,44,,
422,particle-filter,24,,
1785,forestry,1,,
387,gui,3,6.58×10^+04,65822.0
1802,relabelling,1,,
355,aggregation,56,2.83×10^+04,28279.0
702,students-t,22,6.71×10^+04,67079.0
1412,quotation,4,,
1439,rbm,45,,
206,bootstrap,448,2.82×10^+04,28219.0
54,data-visualization,982,2.05×10^+04,20483.0
608,sql,15,8.07×10^+04,80704.0
1096,residual-analysis,28,,
621,optimization,429,2.85×10^+04,28534.0
1449,cv.glm,4,6.53×10^+04,65308.0
1763,poisson-binomial,9,9.37×10^+04,93738.0
628,fixed-effects-model,160,3.27×10^+04,32710.0
159,estimation,885,2.05×10^+04,20487.0
1534,double-blind,1,6.03×10^+04,60286.0
126,categorical-data,838,2.82×10^+04,28209.0
109,pca,774,8.58×10^+03,8578.0
557,tables,22,,
644,ranks,35,,
1581,polr,4,8.07×10^+04,80680.0
785,average,151,4.15×10^+04,41501.0
556,multicore,3,,
451,ancova,174,2.19×10^+04,21866.0
825,gee,107,2.82×10^+04,28240.0
1212,paradox,13,2.38×10^+04,23847.0
892,observational-study,34,,
1766,choice,6,,
122,outliers,307,3.35×10^+04,33481.0
1454,gaussian-mixture,92,6.90×10^+04,69006.0
39,p-value,487,2.83×10^+04,28335.0
1603,theta-method,2,6.78×10^+04,67808.0
1006,natural-language,66,,
1225,incidence-rate-ratio,15,,
1790,taguchi,1,,
368,latex,11,8.07×10^+04,80689.0
533,beta,40,4.08×10^+04,40833.0
1129,life-expectancy,6,,
138,minimum,32,8.04×10^+04,80430.0
778,non-central,13,,
1087,quasi-binomial,6,,
1433,univariate,22,4.61×10^+04,46132.0
1845,lilliefors,1,,
1436,risk-difference,2,4.67×10^+04,46726.0
373,networks,70,,
1233,point-estimation,32,8.04×10^+04,80367.0
1064,google-spreadsheet,3,,
4,normality,191,6.78×10^+04,67814.0
118,kde,37,2.15×10^+04,21497.0
1839,information-geometry,4,1.11×10^+05,111164.0
52,transportation,3,,
712,interactive-visualization,16,,
1867,generilzed-linear-model,1,,
1126,package,23,,
250,software,128,6.35×10^+04,63473.0
