TransactionID,Date,Time,CustomerID,CardID,GasStationID,ProductID,Amount,Price
783,two thousand and twelve.eight.twenty-five,07:34:00,40511,607070,113,2,13,295.09
960,two thousand and twelve.eight.twenty-six,10:50:00,24829,626787,1386,2,18,424.88
932,two thousand and twelve.eight.twenty-five,17:55:00,47172,605210,2643,2,38,849.14
569,two thousand and twelve.eight.twenty-five,08:59:00,46038,677721,397,15,0,43.56
632,two thousand and twelve.eight.twenty-five,08:48:00,41064,606328,803,9,59,1372.6
290,two thousand and twelve.eight.twenty-four,13:39:00,29732,700706,3876,2,41,933.02
200,two thousand and twelve.eight.twenty-four,08:36:00,44644,586378,345,2,23,504.3
168,two thousand and twelve.eight.twenty-four,09:25:00,31543,520565,3574,2,27,635.31
634,two thousand and twelve.eight.twenty-five,08:48:00,41064,606328,803,7,0,49.22
226,two thousand and twelve.eight.twenty-four,10:17:00,5443,581652,3396,5,2,58.04
523,two thousand and twelve.eight.twenty-four,20:40:00,46987,651995,3378,2,27,591.45
204,two thousand and twelve.eight.twenty-four,13:23:00,16509,470416,345,9,25,613.41
237,two thousand and twelve.eight.twenty-four,11:42:00,11235,705989,305,5,7,155.47
474,two thousand and twelve.eight.twenty-five,04:45:00,14773,468259,1180,2,26,584.05
246,two thousand and twelve.eight.twenty-four,11:24:00,4230,733219,4932,336,0,1.76
250,two thousand and twelve.eight.twenty-four,16:06:00,31498,625896,4932,322,25,624.22
48,two thousand and twelve.eight.twenty-four,04:43:00,2183,664247,1262,2,12,258.31
643,two thousand and twelve.eight.twenty-five,08:52:00,19182,519111,3002,2,14,312.32
20,two thousand and twelve.eight.twenty-four,16:25:00,18399,702374,636,2,25,566.49
273,two thousand and twelve.eight.twenty-four,14:59:00,2947,29378,5134,322,61,59.83
977,two thousand and twelve.eight.twenty-six,07:02:00,10248,523936,3194,12,0,8.89
787,two thousand and twelve.eight.twenty-five,07:32:00,5328,51058,1033,5,5,107.51
109,two thousand and twelve.eight.twenty-four,16:29:00,46854,739263,1535,2,25,591.54
598,two thousand and twelve.eight.twenty-five,11:47:00,12459,640006,1161,2,30,670.3
910,two thousand and twelve.eight.twenty-six,07:21:00,49148,750631,763,5,5,122.28
10,two thousand and twelve.eight.twenty-four,14:38:00,19111,726672,636,2,21,477.68
692,two thousand and twelve.eight.twenty-five,15:53:00,15581,575890,378,5,5,109.25
826,two thousand and twelve.eight.twenty-five,14:47:00,44638,586574,325,5,4,81.17
294,two thousand and twelve.eight.twenty-four,07:38:00,31543,296742,3621,5,6,155.49
914,two thousand and twelve.eight.twenty-six,07:22:00,14076,487988,853,11,0,24.82
620,two thousand and twelve.eight.twenty-five,12:57:00,6266,601996,3513,15,0,41.12
335,two thousand and twelve.eight.twenty-four,12:42:00,5536,57187,4343,9,31,815.37
682,two thousand and twelve.eight.twenty-five,15:31:00,24700,607212,3475,5,1,20.75
975,two thousand and twelve.eight.twenty-six,12:05:00,13163,712438,2663,2,13,305.86
606,two thousand and twelve.eight.twenty-five,06:43:00,8594,592912,3380,5,5,119.24
520,two thousand and twelve.eight.twenty-five,00:51:00,14499,505489,1122,2,38,899.8
479,two thousand and twelve.eight.twenty-five,04:24:00,44642,586582,530,5,5,106.18
95,two thousand and twelve.eight.twenty-four,09:13:00,27579,660091,1204,18,0,78.12
973,two thousand and twelve.eight.twenty-six,12:04:00,11597,599280,3379,2,24,559.49
645,two thousand and twelve.eight.twenty-five,12:48:00,5425,403840,2440,2,27,660.75
71,two thousand and twelve.eight.twenty-four,10:25:00,30837,719420,1426,2,28,627.66
633,two thousand and twelve.eight.twenty-five,08:48:00,41064,606328,803,11,0,34.86
931,two thousand and twelve.eight.twenty-six,08:30:00,7881,99737,2709,2,24,604.09
710,two thousand and twelve.eight.twenty-five,09:46:00,5328,51078,485,2,27,616.95
712,two thousand and twelve.eight.twenty-five,03:44:00,12459,704009,747,2,25,572.07
395,two thousand and twelve.eight.twenty-four,07:06:00,2738,455495,5337,317,18,16.57
945,two thousand and twelve.eight.twenty-six,08:50:00,14364,470237,198,2,10,234.12
587,two thousand and twelve.eight.twenty-five,06:49:00,8901,654760,3547,48,16,492.31
653,two thousand and twelve.eight.twenty-five,15:08:00,17298,615361,3694,5,5,123.46
748,two thousand and twelve.eight.twenty-five,09:42:00,42461,644722,678,2,21,488.5
332,two thousand and twelve.eight.twenty-four,05:35:00,10717,502331,4342,5,5,116.11
154,two thousand and twelve.eight.twenty-four,11:53:00,31214,710676,236,2,30,646.17
765,two thousand and twelve.eight.twenty-five,15:55:00,30111,502786,1174,2,25,573.03
309,two thousand and twelve.eight.twenty-four,11:34:00,5425,463774,4276,72,0,33.18
402,two thousand and twelve.eight.twenty-four,10:17:00,3170,608728,5300,317,8,7.22
385,two thousand and twelve.eight.twenty-four,14:42:00,10812,579163,265,2,36,807.34
201,two thousand and twelve.eight.twenty-four,11:49:00,11189,574225,539,2,22,478.39
112,two thousand and twelve.eight.twenty-four,04:31:00,23339,628700,3497,5,3,79.42
448,two thousand and twelve.eight.twenty-four,16:26:00,5476,612277,3001,2,21,470.8
468,two thousand and twelve.eight.twenty-four,19:13:00,8507,109820,3271,5,5,121.54
41,two thousand and twelve.eight.twenty-four,08:16:00,12459,639977,3252,2,27,606.11
851,two thousand and twelve.eight.twenty-five,15:23:00,19870,674048,2595,2,26,605.62
74,two thousand and twelve.eight.twenty-four,16:22:00,30837,719417,1426,5,2,54.55
952,two thousand and twelve.eight.twenty-six,09:57:00,19035,483052,1418,5,4,102.4
308,two thousand and twelve.eight.twenty-four,14:49:00,5536,577952,4428,23,1,286.24
298,two thousand and twelve.eight.twenty-four,10:06:00,19131,196508,3621,5,5,132.97
163,two thousand and twelve.eight.twenty-four,15:23:00,28527,711723,236,2,27,599.08
118,two thousand and twelve.eight.twenty-four,06:10:00,47905,751510,3591,2,26,593.11
492,two thousand and twelve.eight.twenty-five,06:17:00,23944,526291,5313,44,1,142.04
507,two thousand and twelve.eight.twenty-four,17:00:00,48795,707973,658,2,27,623.39
535,two thousand and twelve.eight.twenty-four,14:40:00,20897,509271,1491,9,41,988.94
435,two thousand and twelve.eight.twenty-four,14:00:00,19870,582540,3330,2,22,499.63
416,two thousand and twelve.eight.twenty-three,09:50:00,6990,80483,3683,2,21,474.73
968,two thousand and twelve.eight.twenty-six,12:06:00,6266,734020,3477,2,22,509.38
138,two thousand and twelve.eight.twenty-four,07:07:00,11453,690988,373,5,5,112.33
426,two thousand and twelve.eight.twenty-four,16:23:00,31543,740437,1107,2,8,187.42
415,two thousand and twelve.eight.twenty-three,09:40:00,44480,559410,3683,2,36,810.46
919,two thousand and twelve.eight.twenty-five,17:27:00,17266,691204,3693,2,25,553.16
592,two thousand and twelve.eight.twenty-five,08:28:00,41691,636406,1083,2,41,998.07
103,two thousand and twelve.eight.twenty-three,22:42:00,41113,368353,3121,2,36,885.19
145,two thousand and twelve.eight.twenty-four,13:35:00,48079,642477,3319,2,24,564.82
36,two thousand and twelve.eight.twenty-three,20:12:00,23339,628682,3114,5,3,76.42
693,two thousand and twelve.eight.twenty-five,08:57:00,15692,686434,168,2,22,493.43
182,two thousand and twelve.eight.twenty-four,13:14:00,30392,527096,1293,20,29,661.32
86,two thousand and twelve.eight.twenty-four,17:54:00,47330,568944,3398,11,0,24.82
123,two thousand and twelve.eight.twenty-four,05:13:00,6960,716339,448,5,1,25.83
576,two thousand and twelve.eight.twenty-five,08:39:00,19131,566018,2552,2,14,326.89
464,two thousand and twelve.eight.twenty-four,17:18:00,17320,730199,3477,2,31,714.85
