podID,appleID,urlKey,appleLink,headline
d1bfc033793685bc80c2690f7cf07dc4,1476168123,hooked-on-the-harvest-podcast,https://podcasts.apple.com/us/podcast/hooked-on-the-harvest-podcast/id1476168123,Hooked On The Harvest Podcast
cbe464f8cba99697e4fa50a77a1c4ed1,1435234384,i-wish-i-was-mormon,https://podcasts.apple.com/us/podcast/i-wish-i-was-mormon/id1435234384,I wish I was Mormon
a210b358849b3f933870041b3bbd60ab,1554193911,lowenstein-sandlers-insurance-recovery-podcast,https://podcasts.apple.com/us/podcast/lowenstein-sandlers-insurance-recovery-podcast/id1554193911,Lowenstein Sandler's Insurance Recovery Podcast
f5d482e27ad72b6491e49f4635ffce51,1383116070,interminable,https://podcasts.apple.com/us/podcast/interminable/id1383116070,InTerminable
e4861ff45aad93392c2ca998bed5fd89,1515971854,hermoso-desastre,https://podcasts.apple.com/us/podcast/hermoso-desastre/id1515971854,Hermoso Desastre
a26d7aec269717096f95b7f04fcfc101,1033631791,divi-nation-podcast,https://podcasts.apple.com/us/podcast/divi-nation-podcast/id1033631791,Divi Nation Podcast
c835c025367230d4e2424ab11f664e7e,1532601028,stories-for-kids,https://podcasts.apple.com/us/podcast/stories-for-kids/id1532601028,Stories For Kids
febff270b6543b7dcff4baef45d6408a,1572764298,moste-potente-podcaste-a-harry-potter-podcast,https://podcasts.apple.com/us/podcast/moste-potente-podcaste-a-harry-potter-podcast/id1572764298,Moste Potente Podcaste: A Harry Potter Podcast
d6452b5e2876ea115008f5dc23437702,135058059,father-mikes-podcast,https://podcasts.apple.com/us/podcast/father-mikes-podcast/id135058059,Father Mike's Podcast
a41cb140a6adbf342a9b41c5a45aff5b,1324341280,brave-your-fear,https://podcasts.apple.com/us/podcast/brave-your-fear/id1324341280,Brave Your Fear
a974fe178098f6459c1ce4054609db3c,980438142,urs-podcast,https://podcasts.apple.com/us/podcast/urs-podcast/id980438142,URS Podcast
d7bebe5a1124c175663d64a337dbeb49,1549544959,monocle-24-konfekt-korner,https://podcasts.apple.com/us/podcast/monocle-24-konfekt-korner/id1549544959,Monocle 24: Konfekt Korner
ab4faacfc66118e813d112cf020655a1,1499379104,dont-jump-w-brandon-barlow,https://podcasts.apple.com/us/podcast/dont-jump-w-brandon-barlow/id1499379104,Don’t Jump w/ Brandon Barlow
d02e156c5e292386c7f9868e83b3b12c,1535991206,save-a-beaver-eat-a-tree,https://podcasts.apple.com/us/podcast/save-a-beaver-eat-a-tree/id1535991206,"Save a Beaver, Eat a Tree"
f06a8433d11218b55fe054cd14b02d8c,1503255039,the-landscapers-guide-to-modern-sales-marketing,https://podcasts.apple.com/us/podcast/the-landscapers-guide-to-modern-sales-marketing/id1503255039,The Landscaper's Guide to Modern Sales & Marketing
b1fea639fa58269f2f1944d45cdee50f,1585705233,lawfare-no-bull,https://podcasts.apple.com/us/podcast/lawfare-no-bull/id1585705233,Lawfare No Bull
cbdb595f7d2e65b06af6ef9bf81af865,1355768258,pussypowwow,https://podcasts.apple.com/us/podcast/pussypowwow/id1355768258,PussyPowWow
df220b8f4831178c94dcc75cdfab2753,1201265597,oh-no-lit-class,https://podcasts.apple.com/us/podcast/oh-no-lit-class/id1201265597,Oh No! Lit Class
a8217ea467fa6ba06177cf020ec02b4f,711398268,houseschuh-house-music-podcast,https://podcasts.apple.com/us/podcast/houseschuh-house-music-podcast/id711398268,Houseschuh | House Music Podcast
fa1788c6ba886c7fede7a444f2445029,1545602838,the-true-craft-podcast,https://podcasts.apple.com/us/podcast/the-true-craft-podcast/id1545602838,The True Craft Podcast
c8c6ef33fddf7ec289fb4feac743a526,1522512483,abrar-talks-to-people,https://podcasts.apple.com/us/podcast/abrar-talks-to-people/id1522512483,Abrar Talks to People
f7c285482cbbd22327aec6e4bd1dba61,1381226331,do-it-with-dan,https://podcasts.apple.com/us/podcast/do-it-with-dan/id1381226331,Do It With Dan
d82b55b1b2bec9c813091dabfb97c19d,1477318085,screw-humans,https://podcasts.apple.com/us/podcast/screw-humans/id1477318085,Screw Humans
b784dabcdf9a8ad125eb71e592f8e441,1587253361,iafci-presents-the-protectors,https://podcasts.apple.com/us/podcast/iafci-presents-the-protectors/id1587253361,IAFCI Presents... The Protectors
d7bf86c8694bf922ddb67d98a5b22bf9,472904543,haiticast,https://podcasts.apple.com/us/podcast/haiticast/id472904543,HaitiCast
d9c9a247b213d296cfe02ed37f346ded,1481903992,roll-9-3-4-a-new-harry-potter-d-d-adventure,https://podcasts.apple.com/us/podcast/roll-9-3-4-a-new-harry-potter-d-d-adventure/id1481903992,Roll 9 3/4: A new Harry Potter D&D adventure
ef68fbf0b22e136874236ad0e60f1293,1517675692,totally-random-talk-show,https://podcasts.apple.com/us/podcast/totally-random-talk-show/id1517675692,Totally Random Talk Show
bd85e9cebfa732c86c58c857429fdfbf,1643413534,thin-blue-crime,https://podcasts.apple.com/us/podcast/thin-blue-crime/id1643413534,Thin Blue Crime
f6f6744eb97621ff71174e792faa7148,1195370479,the-scottish-rugby-podcast,https://podcasts.apple.com/us/podcast/the-scottish-rugby-podcast/id1195370479,The Scottish Rugby Podcast
e6b579e15b7046347b136f074e1bb549,1310728676,straight-outta-combat-radio-honoring-combat-wisdom,https://podcasts.apple.com/us/podcast/straight-outta-combat-radio-honoring-combat-wisdom/id1310728676,Straight Outta Combat Radio-Honoring Combat Wisdom
fa19fb610db1c419f3e41ba11f382836,1480313729,taking-sides-the-marriage-podcast,https://podcasts.apple.com/us/podcast/taking-sides-the-marriage-podcast/id1480313729,Taking Sides - The Marriage Podcast
ee9d5c8e1b23f216e8ef80eead42215a,1552668761,too-dope-creatives,https://podcasts.apple.com/us/podcast/too-dope-creatives/id1552668761,TOO DOPE Creatives
b4700dc4b1ad84aba66fee952802c33d,1354621880,smooth-vibes-podcast,https://podcasts.apple.com/us/podcast/smooth-vibes-podcast/id1354621880,Smooth Vibes Podcast
d75ef33b9b93cac32bb1017a4497bbb9,994783875,critical-mass,https://podcasts.apple.com/us/podcast/critical-mass/id994783875,Critical Mass
d0abd94c5cf3a5db502ef3479d1274ab,1263248844,hood-2-health-podcast,https://podcasts.apple.com/us/podcast/hood-2-health-podcast/id1263248844,HOOD 2 HEALTH PODCAST
bb104ee830e5af203a306c31ec76fd5a,1187762360,revisiting-sunnydale-a-buffy-podcast,https://podcasts.apple.com/us/podcast/revisiting-sunnydale-a-buffy-podcast/id1187762360,ReVisiting Sunnydale: A Buffy Podcast
c0eade602e6fc2e397b435ebe484578b,279336386,hey-teacher-my-child-cant-read-hannahs-story,https://podcasts.apple.com/us/podcast/hey-teacher-my-child-cant-read-hannahs-story/id279336386,"Hey Teacher, My Child Can't Read:  Hannah's Story"
a4dd38133de9e1b4a71d113816a88921,1568727173,anc-after-the-fact,https://podcasts.apple.com/us/podcast/anc-after-the-fact/id1568727173,ANC After The Fact
c0cfd2a2ce9cdbdca9f2a9a30084ceb4,1077589920,penrose-vs-anybody,https://podcasts.apple.com/us/podcast/penrose-vs-anybody/id1077589920,Penrose Vs. Anybody
aad40bbd306c6c02dabea17c7c5a7016,1540066067,what-the-data,https://podcasts.apple.com/us/podcast/what-the-data/id1540066067,WHAT the Data?!
cc14cb6afb994872a2102ad4bbd510f3,1380551027,hadith-disciple,https://podcasts.apple.com/us/podcast/hadith-disciple/id1380551027,Hadith Disciple
f87c48ac8f3bbe40bd58eeeb69703ac5,1556359588,storykeepers-podcast,https://podcasts.apple.com/us/podcast/storykeepers-podcast/id1556359588,Storykeepers Podcast
ba54388b8ae07fad5f4e2a7058d9786b,1378068395,good-pod-almighty,https://podcasts.apple.com/us/podcast/good-pod-almighty/id1378068395,Good Pod Almighty
be247002d24351094fe78c7dcd8ea7ad,418775292,reading-and-note-taking-preparation-for-study-for-ibooks,https://podcasts.apple.com/us/podcast/reading-and-note-taking-preparation-for-study-for-ibooks/id418775292,Reading and note taking - preparation for study - for iBooks
be459c3d72e2079944b7bc945e073936,1607433687,burning-the-redshirt,https://podcasts.apple.com/us/podcast/burning-the-redshirt/id1607433687,Burning The Redshirt
b17cc4487512df5e00cc33744fd41601,1489089773,gag-der-podcast,https://podcasts.apple.com/us/podcast/gag-der-podcast/id1489089773,GAG - Der Podcast
bbd22cec652e9c7496a48291e783df6d,1461497121,citizens-church-sermons,https://podcasts.apple.com/us/podcast/citizens-church-sermons/id1461497121,Citizens Church Sermons
a491d30fcf3e3d85b03495cb01eecb54,1491047450,audience,https://podcasts.apple.com/us/podcast/audience/id1491047450,Audience
de66891952593ccd73dd4006c9a16406,1438350876,run-farther-faster-the-podcast-with-coaches-lisa,https://podcasts.apple.com/us/podcast/run-farther-faster-the-podcast-with-coaches-lisa/id1438350876,Run Farther & Faster — The Podcast with Coaches Lisa Levin and Julie Sapper
b78fff518b58ed8f0a917a869c6db421,1503330749,void,https://podcasts.apple.com/us/podcast/void/id1503330749,VOID
d662a407529d826e947ef9e80d4cb7f7,1573091096,mere-conversations,https://podcasts.apple.com/us/podcast/mere-conversations/id1573091096,Mere Conversations
efb447152aa4d95e3c293a6b23d8d1c3,1255922966,simplify,https://podcasts.apple.com/us/podcast/simplify/id1255922966,Simplify
e877e38d0fddf0e0bcb00bd46ba0fc1b,923874005,lifecast,https://podcasts.apple.com/us/podcast/lifecast/id923874005,Lifecast
e8d8d9d61e330bfa083a70dd1222944c,942230950,teaching-your-brain-to-knit,https://podcasts.apple.com/us/podcast/teaching-your-brain-to-knit/id942230950,Teaching Your Brain to Knit
f68cd729b61b386a1ad9a6a005737f04,1496013396,diary-she-wrote,https://podcasts.apple.com/us/podcast/diary-she-wrote/id1496013396,"Diary, She Wrote"
f8e1503e13429830bfc44f9bfbfa311d,1573489337,muy-fuera-de-lugar-con-werevertumorro,https://podcasts.apple.com/us/podcast/muy-fuera-de-lugar-con-werevertumorro/id1573489337,Muy fuera de lugar con Werevertumorro
f7cd20f5bce5c795ccf472b55e34b580,1513599941,mom-badge-podcast,https://podcasts.apple.com/us/podcast/mom-badge-podcast/id1513599941,Mom Badge Podcast
e593916f6ccbf314100bd1f0bc30ad41,836405783,talkingtrading,https://podcasts.apple.com/us/podcast/talkingtrading/id836405783,TalkingTrading
ce342d1c3f02c1710769c8ded6136001,1075145605,cross-lanes-baptist,https://podcasts.apple.com/us/podcast/cross-lanes-baptist/id1075145605,Cross Lanes Baptist
fe1f70f473ce77f332c397dd595af5e4,1458503970,man-child-the-old-guy,https://podcasts.apple.com/us/podcast/man-child-the-old-guy/id1458503970,Man Child & The Old Guy
e39e04e5b6353df31eddda43fb3b3ede,1494479505,sports-bars,https://podcasts.apple.com/us/podcast/sports-bars/id1494479505,Sports Bars
fb7d5ed2ef2b38d1a1bf5775f693db99,1532284109,nine-tea-usg,https://podcasts.apple.com/us/podcast/nine-tea-usg/id1532284109,Nine Tea (USG)
c1e76ec247d84c4e630511d16327ab40,1525117166,the-tales-of-osteopathy-students,https://podcasts.apple.com/us/podcast/the-tales-of-osteopathy-students/id1525117166,The Tales of Osteopathy Students
b535c96193c045520f9aaa25b7fdbc7b,1516148098,sleep-calming-and-relaxing-asmr-thunder-rain-podcast,https://podcasts.apple.com/us/podcast/sleep-calming-and-relaxing-asmr-thunder-rain-podcast/id1516148098,"Sleep Calming and Relaxing ASMR Thunder Rain Podcast for Studying, Meditation and Focus"
fae13d67dcb66546f9df3e943e42d2ec,1364693088,cashflow-hacking-podcast,https://podcasts.apple.com/us/podcast/cashflow-hacking-podcast/id1364693088,Cashflow Hacking Podcast
e4a3e99a5a504bc45769db6f7ba216f7,354650074,inspirasoul,https://podcasts.apple.com/us/podcast/inspirasoul/id354650074,INSPIRASOUL
f06fda3a33586596b84d8da588890caa,1330440553,life-in-limboland-millennial-struggles,https://podcasts.apple.com/us/podcast/life-in-limboland-millennial-struggles/id1330440553,Life In Limboland - Millennial Struggles
f3d103b655d5a49b81dbfd60bc3f6c41,1522319613,real-life-sultanas,https://podcasts.apple.com/us/podcast/real-life-sultanas/id1522319613,Real life sultanas
fbe138d32118a02968db59f4a667f191,1515281732,bitches-and-witches,https://podcasts.apple.com/us/podcast/bitches-and-witches/id1515281732,Bitches and Witches
acb20b29e8a60bdcbf34234e7c14ddee,971230666,dating-for-comedy,https://podcasts.apple.com/us/podcast/dating-for-comedy/id971230666,Dating for Comedy
ff94a7282089d5486889caa3f54753cb,1528049022,im-having-the-strangest-dream,https://podcasts.apple.com/us/podcast/im-having-the-strangest-dream/id1528049022,I'm Having the Strangest Dream
fe377f85bc7bc0b215498f2716ae30c0,1507043026,the-i-o-tower,https://podcasts.apple.com/us/podcast/the-i-o-tower/id1507043026,The I/O Tower
