postal_zip,region_sector
84327,UT-1
16732,PA-15
90503,CA-43
90038,CA-34
87746,NM-3
10016,NY-12
79353,TX-19
44118,OH-11
7871,NJ-11
23692,VA-1
51244,IA-4
70461,LA-1
5040,VT
47373,IN-3
11775,NY-2
6026,CT-1
60043,IL-9
74436,OK-2
30103,GA-14
70559,LA-3
33417,FL-18
51401,IA-4
78415,TX-27
12541,NY-19
5069,VT
91763,CA-27
35611,AL-5
65548,MO-8
60614,IL-5
95044,CA-18
10702,NY-16
2741,MA-9
78934,TX-10
6757,CT-5
71230,LA-5
27615,NC-2
54915,WI-6
93516,CA-23
98902,WA-4
8250,NJ-2
90077,CA-33
37150,TN-6
46391,IN-1
33955,FL-17
23160,VA-4
95134,CA-17
33062,FL-22
37660,TN-1
46036,IN-5
98170,WA-7
44750,OH-7
45326,OH-8
92335,CA-35
33759,FL-13
48759,MI-10
1889,MA-6
4565,ME-1
28634,NC-13
91748,CA-32
67656,KS-1
15931,PA-15
13104,NY-24
91914,CA-53
13322,NY-22
18407,PA-8
5837,VT
36350,AL-2
29455,SC-1
79061,TX-13
63107,MO-1
3109,NH-1
63825,MO-8
28452,NC-7
96804,HI-1
17001,PA-10
95252,CA-4
18920,PA-1
43236,OH-12
8861,NJ-6
37888,TN-2
7006,NJ-11
78691,TX-10
25774,WV-3
63050,MO-3
23464,VA-2
61112,IL-16
88119,NM-2
91768,CA-39
30450,GA-12
21919,MD-1
53037,WI-5
58344,ND
84114,UT-2
58027,ND
62269,IL-12
75043,TX-32
60142,IL-14
79537,TX-19
98375,WA-10
13673,NY-21
56525,MN-7
40392,KY-6
78118,TX-28
64431,MO-6
1255,MA-1
32794,FL-7
12082,NY-19
14608,NY-25
63125,MO-1
74940,OK-2
62883,IL-12
44089,OH-4
37820,TN-1
19604,PA-9
99036,WA-5
70444,LA-5
94140,CA-12
24630,VA-9
79842,TX-23
79928,TX-16
5832,VT
50574,IA-4
92105,CA-51
64644,MO-6
85501,AZ-1
67217,KS-4
90749,CA-44
85530,AZ-1
29577,SC-7
50026,IA-3
79536,TX-19
55046,MN-1
63457,MO-6
7920,NJ-7
7082,NJ-11
26720,WV-1
46746,IN-3
25432,WV-2
38131,TN-9
28284,NC-12
48167,MI-14
15550,PA-13
76202,TX-26
48363,MI-8
70744,LA-6
86025,AZ-1
66933,KS-2
33877,FL-9
28617,NC-5
6858,CT-4
46072,IN-5
29016,SC-6
28649,NC-5
68752,NE-3
78065,TX-28
63146,MO-2
54651,WI-3
45218,OH-1
4930,ME-2
43452,OH-9
63556,MO-6
73720,OK-3
68654,NE-3
16232,PA-15
35903,AL-3
94915,CA-2
41630,KY-5
