customer_id,store_id,last_name,email,address_id,active,create_date,last_update
12,1,THOMAS,NANCY.THOMAS@sakilacustomer.org,16,one,MMVI-II-XIV 22:04:36,MMVI-II-XV 04:57:20
387,2,SCHILLING,JESSE.SCHILLING@sakilacustomer.org,392,one,MMVI-II-XIV 22:04:37,MMVI-II-XV 04:57:20
60,1,BAILEY,MILDRED.BAILEY@sakilacustomer.org,64,one,MMVI-II-XIV 22:04:36,MMVI-II-XV 04:57:20
388,2,MORRELL,CRAIG.MORRELL@sakilacustomer.org,393,one,MMVI-II-XIV 22:04:37,MMVI-II-XV 04:57:20
499,2,OUTLAW,MARC.OUTLAW@sakilacustomer.org,504,one,MMVI-II-XIV 22:04:37,MMVI-II-XV 04:57:20
247,1,MORENO,STELLA.MORENO@sakilacustomer.org,251,one,MMVI-II-XIV 22:04:36,MMVI-II-XV 04:57:20
347,2,SALISBURY,RYAN.SALISBURY@sakilacustomer.org,352,one,MMVI-II-XIV 22:04:37,MMVI-II-XV 04:57:20
535,1,ELROD,JAVIER.ELROD@sakilacustomer.org,541,one,MMVI-II-XIV 22:04:37,MMVI-II-XV 04:57:20
468,1,CARY,TIM.CARY@sakilacustomer.org,473,one,MMVI-II-XIV 22:04:37,MMVI-II-XV 04:57:20
65,2,HOWARD,ROSE.HOWARD@sakilacustomer.org,69,one,MMVI-II-XIV 22:04:36,MMVI-II-XV 04:57:20
116,1,GIBSON,VICTORIA.GIBSON@sakilacustomer.org,120,one,MMVI-II-XIV 22:04:36,MMVI-II-XV 04:57:20
83,1,JENKINS,LOUISE.JENKINS@sakilacustomer.org,87,one,MMVI-II-XIV 22:04:36,MMVI-II-XV 04:57:20
427,2,MCCARTNEY,JESUS.MCCARTNEY@sakilacustomer.org,432,one,MMVI-II-XIV 22:04:37,MMVI-II-XV 04:57:20
429,2,ISBELL,FREDERICK.ISBELL@sakilacustomer.org,434,one,MMVI-II-XIV 22:04:37,MMVI-II-XV 04:57:20
346,1,SIMPKINS,ARTHUR.SIMPKINS@sakilacustomer.org,351,one,MMVI-II-XIV 22:04:37,MMVI-II-XV 04:57:20
562,1,SLONE,WALLACE.SLONE@sakilacustomer.org,568,one,MMVI-II-XIV 22:04:37,MMVI-II-XV 04:57:20
585,1,SWAFFORD,PERRY.SWAFFORD@sakilacustomer.org,591,one,MMVI-II-XIV 22:04:37,MMVI-II-XV 04:57:20
138,1,WARREN,HAZEL.WARREN@sakilacustomer.org,142,one,MMVI-II-XIV 22:04:36,MMVI-II-XV 04:57:20
228,2,STANLEY,ALLISON.STANLEY@sakilacustomer.org,232,one,MMVI-II-XIV 22:04:36,MMVI-II-XV 04:57:20
54,1,ROGERS,TERESA.ROGERS@sakilacustomer.org,58,one,MMVI-II-XIV 22:04:36,MMVI-II-XV 04:57:20
473,2,OLIVARES,JORGE.OLIVARES@sakilacustomer.org,478,one,MMVI-II-XIV 22:04:37,MMVI-II-XV 04:57:20
579,2,LARUE,DARYL.LARUE@sakilacustomer.org,585,one,MMVI-II-XIV 22:04:37,MMVI-II-XV 04:57:20
531,2,WAUGH,JAMIE.WAUGH@sakilacustomer.org,537,one,MMVI-II-XIV 22:04:37,MMVI-II-XV 04:57:20
390,1,HEATON,SHAWN.HEATON@sakilacustomer.org,395,one,MMVI-II-XIV 22:04:37,MMVI-II-XV 04:57:20
597,1,DUGGAN,FREDDIE.DUGGAN@sakilacustomer.org,603,one,MMVI-II-XIV 22:04:37,MMVI-II-XV 04:57:20
443,2,SKIDMORE,FRANCISCO.SKIDMORE@sakilacustomer.org,448,one,MMVI-II-XIV 22:04:37,MMVI-II-XV 04:57:20
136,2,MORALES,ANITA.MORALES@sakilacustomer.org,140,one,MMVI-II-XIV 22:04:36,MMVI-II-XV 04:57:20
9,2,MOORE,MARGARET.MOORE@sakilacustomer.org,13,one,MMVI-II-XIV 22:04:36,MMVI-II-XV 04:57:20
77,2,BENNETT,JANE.BENNETT@sakilacustomer.org,81,one,MMVI-II-XIV 22:04:36,MMVI-II-XV 04:57:20
121,1,GOMEZ,JOSEPHINE.GOMEZ@sakilacustomer.org,125,one,MMVI-II-XIV 22:04:36,MMVI-II-XV 04:57:20
180,2,CUNNINGHAM,STACY.CUNNINGHAM@sakilacustomer.org,184,one,MMVI-II-XIV 22:04:36,MMVI-II-XV 04:57:20
578,2,LUMPKIN,WILLARD.LUMPKIN@sakilacustomer.org,584,one,MMVI-II-XIV 22:04:37,MMVI-II-XV 04:57:20
587,1,STANFIELD,SERGIO.STANFIELD@sakilacustomer.org,593,one,MMVI-II-XIV 22:04:37,MMVI-II-XV 04:57:20
221,1,MORRISON,BESSIE.MORRISON@sakilacustomer.org,225,one,MMVI-II-XIV 22:04:36,MMVI-II-XV 04:57:20
326,1,ANDREW,JOSE.ANDREW@sakilacustomer.org,331,one,MMVI-II-XIV 22:04:37,MMVI-II-XV 04:57:20
321,1,SCHULER,KEVIN.SCHULER@sakilacustomer.org,326,one,MMVI-II-XIV 22:04:37,MMVI-II-XV 04:57:20
505,1,ABNEY,RAFAEL.ABNEY@sakilacustomer.org,510,one,MMVI-II-XIV 22:04:37,MMVI-II-XV 04:57:20
383,1,BALES,MARTIN.BALES@sakilacustomer.org,388,one,MMVI-II-XIV 22:04:37,MMVI-II-XV 04:57:20
248,1,BOWMAN,CAROLINE.BOWMAN@sakilacustomer.org,252,one,MMVI-II-XIV 22:04:36,MMVI-II-XV 04:57:20
310,2,CABRAL,DANIEL.CABRAL@sakilacustomer.org,315,one,MMVI-II-XIV 22:04:37,MMVI-II-XV 04:57:20
415,1,PULLEN,GLENN.PULLEN@sakilacustomer.org,420,one,MMVI-II-XIV 22:04:37,MMVI-II-XV 04:57:20
501,1,GEARY,RUBEN.GEARY@sakilacustomer.org,506,one,MMVI-II-XIV 22:04:37,MMVI-II-XV 04:57:20
357,1,RICO,KEITH.RICO@sakilacustomer.org,362,one,MMVI-II-XIV 22:04:37,MMVI-II-XV 04:57:20
147,2,ROBERTSON,JOANNE.ROBERTSON@sakilacustomer.org,151,one,MMVI-II-XIV 22:04:36,MMVI-II-XV 04:57:20
478,1,LYMAN,LEWIS.LYMAN@sakilacustomer.org,483,one,MMVI-II-XIV 22:04:37,MMVI-II-XV 04:57:20
87,1,PATTERSON,WANDA.PATTERSON@sakilacustomer.org,91,one,MMVI-II-XIV 22:04:36,MMVI-II-XV 04:57:20
163,1,SPENCER,CATHY.SPENCER@sakilacustomer.org,167,one,MMVI-II-XIV 22:04:36,MMVI-II-XV 04:57:20
249,2,MEDINA,DORA.MEDINA@sakilacustomer.org,253,one,MMVI-II-XIV 22:04:36,MMVI-II-XV 04:57:20
584,2,TEEL,SALVADOR.TEEL@sakilacustomer.org,590,one,MMVI-II-XIV 22:04:37,MMVI-II-XV 04:57:20
301,2,BAUGHMAN,ROBERT.BAUGHMAN@sakilacustomer.org,306,one,MMVI-II-XIV 22:04:37,MMVI-II-XV 04:57:20
105,1,SULLIVAN,DAWN.SULLIVAN@sakilacustomer.org,109,one,MMVI-II-XIV 22:04:36,MMVI-II-XV 04:57:20
577,2,MALCOLM,CLIFTON.MALCOLM@sakilacustomer.org,583,one,MMVI-II-XIV 22:04:37,MMVI-II-XV 04:57:20
210,2,OLIVER,ELLA.OLIVER@sakilacustomer.org,214,one,MMVI-II-XIV 22:04:36,MMVI-II-XV 04:57:20
292,2,LAMBERT,MISTY.LAMBERT@sakilacustomer.org,297,one,MMVI-II-XIV 22:04:37,MMVI-II-XV 04:57:20
200,2,LAWSON,JEANNE.LAWSON@sakilacustomer.org,204,one,MMVI-II-XIV 22:04:36,MMVI-II-XV 04:57:20
236,1,DEAN,MARCIA.DEAN@sakilacustomer.org,240,one,MMVI-II-XIV 22:04:36,MMVI-II-XV 04:57:20
101,1,MYERS,PEGGY.MYERS@sakilacustomer.org,105,one,MMVI-II-XIV 22:04:36,MMVI-II-XV 04:57:20
49,2,EDWARDS,JOYCE.EDWARDS@sakilacustomer.org,53,one,MMVI-II-XIV 22:04:36,MMVI-II-XV 04:57:20
95,2,BRYANT,PAULA.BRYANT@sakilacustomer.org,99,one,MMVI-II-XIV 22:04:36,MMVI-II-XV 04:57:20
208,1,WHEELER,LUCY.WHEELER@sakilacustomer.org,212,one,MMVI-II-XIV 22:04:36,MMVI-II-XV 04:57:20
530,2,ASHCRAFT,DARRYL.ASHCRAFT@sakilacustomer.org,536,one,MMVI-II-XIV 22:04:37,MMVI-II-XV 04:57:20
194,2,CHAVEZ,KRISTEN.CHAVEZ@sakilacustomer.org,198,one,MMVI-II-XIV 22:04:36,MMVI-II-XV 04:57:20
402,1,YANEZ,LUIS.YANEZ@sakilacustomer.org,407,one,MMVI-II-XIV 22:04:37,MMVI-II-XV 04:57:20
226,2,LITTLE,MAUREEN.LITTLE@sakilacustomer.org,230,one,MMVI-II-XIV 22:04:36,MMVI-II-XV 04:57:20
360,2,MADRIGAL,RALPH.MADRIGAL@sakilacustomer.org,365,one,MMVI-II-XIV 22:04:37,MMVI-II-XV 04:57:20
318,1,WYMAN,BRIAN.WYMAN@sakilacustomer.org,323,one,MMVI-II-XIV 22:04:37,MMVI-II-XV 04:57:20
430,1,HOULE,RAY.HOULE@sakilacustomer.org,435,one,MMVI-II-XIV 22:04:37,MMVI-II-XV 04:57:20
352,1,CROUSE,ALBERT.CROUSE@sakilacustomer.org,357,one,MMVI-II-XIV 22:04:37,MMVI-II-XV 04:57:20
490,1,MCDUFFIE,SAM.MCDUFFIE@sakilacustomer.org,495,one,MMVI-II-XIV 22:04:37,MMVI-II-XV 04:57:20
475,2,CHESTNUT,PEDRO.CHESTNUT@sakilacustomer.org,480,one,MMVI-II-XIV 22:04:37,MMVI-II-XV 04:57:20
130,1,HUNTER,CHARLOTTE.HUNTER@sakilacustomer.org,134,one,MMVI-II-XIV 22:04:36,MMVI-II-XV 04:57:20
