university_id,year,num_students,student_staff_ratio_mul100,pct_international_students,pct_female_students
248,2014,19262,1590.0,10,56.0
81,2011,12338,450.0,18,56.0
341,2015,20771,3010.0,26,48.0
131,2012,25266,1820.0,12,57.0
87,2012,19967,2010.0000000000002,26,31.0
270,2011,22193,2450.0,23,
127,2014,23895,1360.0,14,54.0
80,2013,83236,2990.0,9,50.0
55,2012,50095,1870.0,9,54.0
132,2012,27526,1160.0,11,52.0
1042,2013,28881,2450.0,17,55.0
105,2014,21908,1090.0,24,50.0
625,2011,9454,1720.0,38,55.0
223,2011,20626,2200.0,12,51.0
44,2016,36534,1290.0,20,52.0
28,2013,15060,1170.0,51,37.0
277,2013,12938,1580.0,33,54.0
179,2015,23311,1550.0,31,50.0
384,2015,462,1650.0,5,28.0
47,2013,26614,1610.0000000000002,16,52.0
9,2014,25055,590.0,28,
135,2015,17713,1300.0,10,58.0
60,2016,25774,1410.0,36,58.0
268,2012,20040,1210.0,18,53.0
91,2014,27139,1880.0,18,
5,2013,2243,690.0,27,33.0
50,2011,36429,1270.0,8,52.0
274,2012,29787,1889.9999999999998,28,54.0
1038,2011,7867,1180.0,7,54.0
44,2013,36534,1290.0,20,52.0
132,2014,27526,1160.0,11,52.0
1049,2015,26467,3120.0,16,52.0
192,2012,28856,4200.0,19,54.0
222,2013,16130,1210.0,13,
188,2013,31715,2370.0,8,62.0
1034,2011,56959,1300.0,11,49.0
88,2012,26583,650.0,19,57.0
187,2016,3055,1010.0,4,20.0
28,2012,15060,1170.0,51,37.0
55,2013,50095,1870.0,9,54.0
135,2014,17713,1300.0,10,58.0
1046,2011,44501,1240.0,12,46.0
1048,2011,42503,4190.0,18,54.0
226,2015,20851,2070.0,27,50.0
61,2013,2429,480.0,30,18.0
854,2015,4408,1370.0,26,34.0
70,2016,7774,1150.0,22,70.0
191,2014,12001,1739.9999999999998,35,54.0
203,2014,17916,1019.9999999999999,22,53.0
1032,2015,9666,1050.0,54,27.0
1087,2014,27603,1500.0,17,
244,2011,6671,1500.0,16,30.0
1029,2013,12528,570.0,17,
50,2013,36429,1270.0,8,52.0
80,2014,83236,2990.0,9,50.0
163,2012,31861,930.0000000000001,15,60.0
1028,2011,42727,1870.0,20,47.0
1035,2014,35691,1550.0,13,62.0
111,2016,40148,830.0000000000001,14,
1025,2012,18178,1470.0,37,31.0
1040,2015,21394,1140.0,37,61.0
62,2012,24789,860.0,17,58.0
117,2013,9586,730.0,13,13.0
145,2013,23823,1930.0,15,53.0
1,2015,20152,890.0,25,
4,2014,18812,1180.0,34,46.0
215,2015,14260,1400.0,40,52.0
14,2015,26199,570.0,10,
158,2012,19835,1760.0000000000002,38,53.0
28,2016,15060,1170.0,51,37.0
10,2014,36186,1639.9999999999998,15,50.0
195,2012,11964,1310.0,22,
80,2016,83236,2990.0,9,50.0
226,2013,20851,2070.0,27,50.0
206,2012,34651,2050.0,25,67.0
1087,2015,27603,1500.0,17,
20,2014,27233,650.0,11,48.0
149,2014,7326,459.99999999999994,5,51.0
87,2015,19967,2010.0000000000002,26,31.0
1055,2014,12062,1460.0,21,30.0
270,2012,22193,2450.0,23,
117,2014,9586,730.0,13,13.0
152,2011,38309,2590.0,33,47.0
137,2013,81402,1460.0,4,48.0
134,2012,9027,1000.0,9,20.0
76,2012,34938,1530.0,34,52.0
354,2015,8176,1600.0,14,19.0
60,2012,25774,1410.0,36,58.0
130,2014,24570,1440.0,11,53.0
1036,2011,26485,580.0,10,51.0
151,2013,25028,1620.0,33,48.0
141,2012,32166,3410.0,9,57.0
93,2014,27545,409.99999999999994,19,67.0
173,2013,6753,550.0,7,53.0
76,2015,34938,1530.0,34,52.0
33,2011,18334,1380.0,15,48.0
94,2015,41868,2020.0,28,57.0
378,2015,17581,2150.0,11,56.0
113,2013,31891,1190.0,7,39.0
17,2015,22809,560.0,7,
274,2015,29787,1889.9999999999998,28,54.0
162,2011,28327,3890.0,12,58.0
1062,2015,25668,1900.0,19,47.0
427,2012,10901,1830.0,13,59.0
150,2011,20925,1350.0,29,53.0
1051,2015,9248,1700.0,21,56.0
1028,2016,42727,1870.0,20,47.0
121,2015,20580,1889.9999999999998,18,48.0
33,2015,18334,1380.0,15,48.0
75,2012,26389,1390.0,10,
198,2011,9990,500.0,18,27.0
88,2015,26583,650.0,19,57.0
53,2012,9390,450.0,26,49.0
203,2015,17916,1019.9999999999999,22,53.0
45,2011,35364,1390.0,13,54.0
28,2014,15060,1170.0,51,37.0
68,2015,31331,840.0,9,48.0
33,2012,18334,1380.0,15,48.0
8,2015,11751,440.00000000000006,20,50.0
1041,2011,34718,3270.0000000000005,27,53.0
31,2014,26607,1070.0,46,56.0
19,2011,38206,1030.0,15,52.0
126,2013,15408,850.0,14,53.0
1036,2016,26485,580.0,10,51.0
223,2014,20626,2200.0,12,51.0
98,2013,17906,1400.0,25,53.0
22,2016,17612,1070.0,5,55.0
774,2015,34550,1600.0,5,34.0
427,2014,10901,1830.0,13,59.0
