player_id,year,team_id,league_id,inseason,g,w,l,rank,plyr_mgr
tracyji01,2.01×10^+03,PIT,NL,1,162,sixty-seven,95,five point zero,N
houkra01,1.98×10^+03,DET,AL,1,162,eighty-six,76,five point zero,N
gerhajo01,1.88×10^+03,LS2,AA,1,98,fifty-two,45,five point zero,Y
greenda02,1.99×10^+03,NYN,NL,1,113,fifty-five,58,three point zero,N
southbi01,1.95×10^+03,BSN,NL,1,154,eighty-six,68,three point zero,N
hanlone01,1.90×10^+03,BLN,NL,1,132,eighty-seven,43,one point zero,N
hargrmi01,1.99×10^+03,CLE,AL,1,113,sixty-six,47,two point zero,N
durocle01,1.94×10^+03,BRO,NL,1,157,one hundred,54,one point zero,Y
johnsda02,1.99×10^+03,NYN,NL,1,162,eighty-seven,75,two point zero,N
mathech01,1.92×10^+03,CIN,NL,1,120,sixty-one,57,three point zero,N
frazijo01,1.98×10^+03,NYN,NL,1,162,eighty-six,76,three point zero,N
gibbojo02,2.01×10^+03,TOR,AL,1,162,eighty-three,79,three point zero,N
mackco01,1.93×10^+03,PHA,AL,1,154,ninety-four,60,two point zero,N
herzowh01,1.97×10^+03,TEX,AL,1,138,forty-seven,91,six point zero,N
dahlebi01,1.91×10^+03,BRO,NL,1,153,fifty-eight,95,seven point zero,N
herzowh01,1.99×10^+03,SLN,NL,1,164,eighty-six,76,three point zero,N
fanniji01,1.98×10^+03,MON,NL,1,162,eighty-six,76,three point zero,N
wathajo01,1.99×10^+03,KCA,AL,2,36,twenty-one,15,two point zero,N
gomezpr01,1.97×10^+03,SDN,NL,1,162,fifty-two,110,six point zero,N
harribu01,1.95×10^+03,WS1,AL,1,155,sixty-six,88,six point zero,N
tebeapa01,1.89×10^+03,CLP,PL,2,52,twenty-one,30,seven point zero,Y
mclarjo99,2.01×10^+03,WAS,NL,2,3,two,1,three point zero,N
mccarjo99,1.93×10^+03,NYA,AL,1,152,ninety-one,59,two point zero,N
buckeal99,1.89×10^+03,CL6,AA,1,140,sixty,78,six point zero,N
robisst99,1.90×10^+03,SLN,NL,3,50,nineteen,31,six point zero,N
russejo02,2.01×10^+03,PIT,NL,1,161,sixty-two,99,six point zero,N
higgipi01,1.96×10^+03,BOS,AL,1,155,seventy-nine,75,three point zero,N
hanlone01,1.90×10^+03,BLN,NL,1,136,ninety,40,two point zero,N
willite01,1.97×10^+03,WS2,AL,1,159,sixty-three,96,five point zero,N
valenbo02,1.99×10^+03,TEX,AL,1,162,eighty-five,77,three point zero,N
comisch01,1.89×10^+03,SL4,AA,1,139,ninety-three,46,one point zero,Y
clarkfr01,1.90×10^+03,PIT,NL,1,140,seventy-nine,60,two point zero,Y
halech01,2.02×10^+03,ARI,NL,1,162,seventy-nine,83,three point zero,N
mauchge01,1.98×10^+03,CAL,AL,2,63,twenty-nine,34,four point zero,N
knabeot01,1.92×10^+03,BLF,FL,1,155,forty-seven,107,eight point zero,Y
southbi01,1.94×10^+03,SLN,NL,1,155,ninety-five,59,two point zero,N
rickebr01,1.92×10^+03,SLN,NL,1,155,seventy-five,79,five point zero,N
walshmi99,1.88×10^+03,LS2,AA,1,110,sixty-eight,40,three point zero,N
larusto01,2.01×10^+03,SLN,NL,1,162,eighty-six,76,four point zero,N
wrighha01,1.89×10^+03,PHI,NL,1,130,sixty-three,64,four point zero,N
buckeal99,1.90×10^+03,BSN,NL,1,140,fifty-eight,80,six point zero,N
weaveea99,1.98×10^+03,BAL,AL,3,105,fifty-three,52,four point zero,N
howear01,1.99×10^+03,HOU,NL,1,162,eighty-five,77,three point zero,N
westrwe01,1.97×10^+03,SFN,NL,2,86,thirty-eight,48,five point zero,N
coxbo01,1.99×10^+03,ATL,NL,1,162,one hundred and four,58,one point zero,N
mcclell01,2.02×10^+03,SEA,AL,1,162,seventy-six,86,four point zero,N
huggimi01,1.93×10^+03,NYA,AL,1,143,eighty-two,61,two point zero,N
lachere01,1.98×10^+03,SEA,AL,1,162,seventy-six,86,four point zero,N
bluegos01,1.94×10^+03,WS1,AL,1,153,eighty-four,69,two point zero,N
darkal01,1.97×10^+03,KC1,AL,1,160,seventy-four,86,seven point zero,N
gastoci01,2.01×10^+03,TOR,AL,2,88,fifty-one,37,four point zero,N
farrejo03,2.02×10^+03,BOS,AL,1,162,seventy-eight,84,five point zero,N
wrighha01,1.88×10^+03,PHI,NL,1,111,fifty-six,54,three point zero,N
dykesji01,1.96×10^+03,DET,AL,2,137,seventy-four,63,four point zero,N
colembo01,1.94×10^+03,BSN,NL,1,155,sixty-five,89,six point zero,N
shettbi99,1.90×10^+03,PHI,NL,1,138,fifty-six,81,seven point zero,N
hendrja01,1.93×10^+03,CIN,NL,1,153,seventy-five,78,five point zero,N
ottme01,1.94×10^+03,NY1,NL,1,156,fifty-five,98,eight point zero,Y
whitede01,1.87×10^+03,CL1,,2,2,zero,2,seven point zero,Y
machake01,2.00×10^+03,OAK,AL,1,162,ninety-six,66,one point zero,N
haneyfr01,1.96×10^+03,PIT,NL,1,154,sixty,94,eight point zero,N
mauchge01,1.96×10^+03,PHI,NL,1,155,forty-seven,107,eight point zero,N
larusto01,1.99×10^+03,OAK,AL,1,162,sixty-eight,94,seven point zero,N
turnete99,1.98×10^+03,ATL,NL,2,1,zero,1,six point zero,N
leylaji99,2.00×10^+03,FLO,NL,1,162,fifty-four,108,five point zero,N
peskyjo01,1.96×10^+03,BOS,AL,1,160,seventy,90,eight point zero,N
stahlja01,1.91×10^+03,BOS,AL,1,154,one hundred and five,47,one point zero,Y
larusto01,1.99×10^+03,OAK,AL,1,114,fifty-one,63,two point zero,N
hornsro01,1.93×10^+03,CHN,NL,1,156,eighty-four,70,three point zero,Y
schoere01,1.97×10^+03,SLN,NL,1,162,eighty-three,79,six point zero,N
schoere01,1.97×10^+03,SLN,NL,1,161,one hundred and one,60,one point zero,N
tebeapa01,1.90×10^+03,CL4,NL,1,132,eighty-four,46,two point zero,Y
maddojo99,2.02×10^+03,CHN,NL,1,162,ninety-seven,95,three point zero,N
collish01,1.93×10^+03,BOS,AL,1,55,eleven,44,eight point zero,N
cochrmi01,1.94×10^+03,DET,AL,1,29,sixteen,13,two point zero,Y
moorete01,1.95×10^+03,PHI,NL,2,77,thirty-five,42,four point zero,N
dierkla01,2.00×10^+03,HOU,NL,1,162,seventy-two,90,four point zero,N
hackst01,1.96×10^+03,SLN,NL,2,10,three,7,five point zero,N
mauchge01,1.99×10^+03,CAL,AL,1,162,ninety-two,70,one point zero,N
