Timestamp,Session,Identifier,Details
Jan.01.2017,5a0abf39-9d64-421c-abd3-ec370f555776,21,varicella
Mar.10.2010,87d6cea8-3019-47e8-8800-402876b271b2,133,Pneumococcal conjugate PCV 13
Mar.28.2016,2b0dfbdf-03a3-4221-b309-57cd3363e725,140,Influenza  seasonal  injectable  preservative free
Oct.02.2011,76a78b66-1ef0-47c8-b65f-9bb3f87a8b7d,140,Influenza  seasonal  injectable  preservative free
Aug.04.2013,c1bc1294-f670-4172-8ff8-19efcdec3f8b,113,Td (adult) preservative free
Jan.15.2017,b248ab12-5aba-4142-93f8-ed64afe536e1,8,Hep B  adolescent or pediatric
Jan.14.2017,69866db8-c59c-403b-a270-7b288638c2ce,21,varicella
Mar.21.2010,493e64ab-c2a8-45e6-a3ec-e0f9cdb467f8,10,IPV
Aug.08.2008,e32aab61-de95-4c5b-98b8-265a0d2a52b7,140,Influenza  seasonal  injectable  preservative free
Sep.10.2016,a0755994-ae90-4426-86dc-fc9e741ef98c,140,Influenza  seasonal  injectable  preservative free
Jan.31.2012,dff91cdd-912c-465b-ab8b-668db500c8ef,140,Influenza  seasonal  injectable  preservative free
Feb.25.2016,e592bcb2-3ead-41c6-8826-8809ae4dee6f,140,Influenza  seasonal  injectable  preservative free
Jan.16.2008,4852864e-edde-448a-9f06-e299e8892934,140,Influenza  seasonal  injectable  preservative free
Apr.10.2015,129affa6-1ecc-462f-ba43-ac84f7eda783,140,Influenza  seasonal  injectable  preservative free
Aug.28.2017,9b83d5dc-ec61-43eb-9c51-165f0ad434c6,140,Influenza  seasonal  injectable  preservative free
Dec.05.2009,bc51e093-4243-423c-8dda-30a8fea2c6ef,140,Influenza  seasonal  injectable  preservative free
Sep.07.2014,a09fcc24-fb94-4244-abc9-7ff22b67db5e,140,Influenza  seasonal  injectable  preservative free
Jan.07.2016,b40815a2-bec2-400b-aa66-e509b6d16d05,140,Influenza  seasonal  injectable  preservative free
Jul.20.2010,67d8511c-cf18-426c-b946-56cea7bfb59d,8,Hep B  adolescent or pediatric
Aug.04.2012,7dc0bc7f-cf08-40f3-9f9d-1b48a0f403a1,49,Hib (PRP-OMP)
Aug.02.2013,cc4f3edd-1068-430d-b36a-bc111a2a28ca,140,Influenza  seasonal  injectable  preservative free
Oct.30.2009,855d8959-dd43-403a-b9da-f709fbaff7eb,20,DTaP
Jun.15.2011,fe8cf1a6-7e63-4664-a05e-1efdfe30fdae,62,HPV  quadrivalent
Dec.10.2010,bba20b57-c102-45be-9c64-9a46a931f6e0,140,Influenza  seasonal  injectable  preservative free
Dec.20.2016,187f20e6-c4b1-4de8-8486-35f3b7345b69,140,Influenza  seasonal  injectable  preservative free
May.17.2016,00960ca8-9642-4ec2-93c8-a62226692c83,140,Influenza  seasonal  injectable  preservative free
Aug.07.2015,14d6cc08-6b9d-48bf-a5b3-27158df04639,140,Influenza  seasonal  injectable  preservative free
May.18.2009,b85142c6-a954-4529-9e9e-d3517dee940c,10,IPV
Jan.26.2016,bf784d0e-71cc-4b60-82d3-27dac93cd665,8,Hep B  adolescent or pediatric
Oct.16.2017,d65f8e22-6f44-429c-ae4c-70e81190df53,140,Influenza  seasonal  injectable  preservative free
Dec.19.2016,42836207-f3c4-42ff-a09a-244d71706518,140,Influenza  seasonal  injectable  preservative free
Dec.28.2012,ed270417-914c-42de-a9bc-74d06a6919d9,49,Hib (PRP-OMP)
Jul.16.2010,81a26e3a-ef77-4399-a9d9-a77b17e9161d,140,Influenza  seasonal  injectable  preservative free
Jan.05.2009,50a45e55-15b1-46eb-9e75-64f29e65cb0d,140,Influenza  seasonal  injectable  preservative free
Oct.14.2008,2fccc3e9-5119-45b3-ba4d-a1a7fc1813a1,62,HPV  quadrivalent
Jan.06.2012,487b533f-3109-4185-9c80-14379a53f61a,140,Influenza  seasonal  injectable  preservative free
Aug.11.2015,bfb63eae-9697-416e-89b8-2e3bae98d487,62,HPV  quadrivalent
Nov.18.2007,67cb8f20-ea44-4441-8b16-0ab8292795fa,20,DTaP
Jul.19.2017,2cd2d398-e24e-48f8-9999-6b0cd9982de2,133,Pneumococcal conjugate PCV 13
Sep.23.2009,4753b866-e345-4a9c-9842-d1fb7530caec,140,Influenza  seasonal  injectable  preservative free
Sep.07.2011,b8b4bb34-e633-4b35-8d34-1767897f4491,119,rotavirus  monovalent
Nov.27.2007,cb64d0b9-e92f-47f1-9379-fc72c8718eab,62,HPV  quadrivalent
Feb.26.2016,37dfa62f-3c8c-47cf-8673-016734506a58,140,Influenza  seasonal  injectable  preservative free
Oct.20.2015,0424385f-2294-4275-bb49-befaffcd1cb1,140,Influenza  seasonal  injectable  preservative free
Jan.07.2014,7975017d-1ace-4242-b415-31d69e572ffc,119,rotavirus  monovalent
Dec.10.2009,1ac180aa-5a30-41ba-a098-d4760af467af,140,Influenza  seasonal  injectable  preservative free
Jan.25.2016,1fdc2858-4cb9-4b36-a992-bb551cd1fe12,140,Influenza  seasonal  injectable  preservative free
Jun.04.2015,aac7eb9f-f687-4f5e-9e42-5d3e9055d707,114,meningococcal MCV4P
May.21.2009,38dabd6e-0514-4ab0-a519-0ff3a8a85634,140,Influenza  seasonal  injectable  preservative free
Dec.11.2014,23dd3c1e-aacc-4b61-8620-2bdc77ee2e58,10,IPV
Oct.10.2010,456c00ca-9381-4546-a0a5-f47b111eba22,140,Influenza  seasonal  injectable  preservative free
Aug.26.2010,40148ad6-9fae-4cf2-a486-1dd4faab6907,140,Influenza  seasonal  injectable  preservative free
Aug.01.2015,612fd779-e330-4ea1-88da-cb916aab1ec4,10,IPV
Jun.02.2011,4bed31f0-5a1e-4124-a3c5-4e3c34b13e88,140,Influenza  seasonal  injectable  preservative free
Dec.20.2014,00e72c19-c829-4d3f-935a-e6863c0fc965,140,Influenza  seasonal  injectable  preservative free
Feb.02.2012,6812ca71-4e80-4106-a71e-ffe5699c2725,140,Influenza  seasonal  injectable  preservative free
May.24.2016,358b4940-ff72-41bf-9582-d54d5ad7d6c9,49,Hib (PRP-OMP)
Sep.11.2010,55b7c5f3-4840-4704-89f4-57d23ec06b6c,114,meningococcal MCV4P
Jan.12.2010,ab38d81a-a6e5-4497-9c7f-a50688a87037,119,rotavirus  monovalent
Apr.19.2015,f91844e3-5db0-41f1-9a13-4ad8a43e0b33,8,Hep B  adolescent or pediatric
Dec.09.2009,e728fe58-4434-46dd-b982-681405c76a29,140,Influenza  seasonal  injectable  preservative free
Mar.31.2011,a3d6c4dd-62a6-46b2-93f7-5504bcc3a38f,83,Hep A  ped/adol  2 dose
Jun.03.2016,469ea67b-7391-4c4b-af38-fdccfbdf2e88,140,Influenza  seasonal  injectable  preservative free
Mar.19.2013,7da1fc5c-eb1a-410b-840e-d2be955b4e6e,133,Pneumococcal conjugate PCV 13
Jun.29.2012,9b786980-cab3-4bc0-b45b-0a04687d34f3,140,Influenza  seasonal  injectable  preservative free
Apr.07.2016,8fdb1001-9b20-429a-bf7c-9066bc54f69c,113,Td (adult) preservative free
Feb.12.2011,0b20fe45-57f7-435f-8ee5-5467a95afc6f,62,HPV  quadrivalent
Aug.28.2015,643077af-abf8-4f46-921c-a955ee3eb1a0,140,Influenza  seasonal  injectable  preservative free
May.09.2014,bad06a0c-74f3-4795-b5b2-0935f89dcf82,140,Influenza  seasonal  injectable  preservative free
