RecordDate,Subject,Visit,CodeKey,DESCRIPTION,REASONDESCRIPTION
2016-Oct-06,b8e0b512-7319-49f1-8e4a-bcb4dd2fb1ab,842825df-38ba-4e15-ac7c-98854a2cbf37,4.28×10^+14,Documentation of current medications,
2016-Oct-13,cdd78c77-6e80-45af-af59-229a8689783e,699d0816-01a9-4235-9686-8a5fac7f1fcd,4.28×10^+14,Documentation of current medications,
2013-Dec-04,00b7297c-9997-455d-b581-f1bd677f5012,12087534-078b-4894-95ad-dfc49c85e1dd,4.28×10^+14,Documentation of current medications,
2014-May-02,abf99602-7cb7-49db-9251-0499968c472f,40f1756c-c31f-4bba-95f3-97c75467aad3,1.51×10^+07,Pulmonary rehabilitation (regime/therapy),Chronic obstructive bronchitis (disorder)
2011-Dec-05,7d930372-7a58-4940-ac33-cd6373720f4a,910ab6c2-f17f-4c46-a91b-81170b8647ad,1.80×10^+08,Subcutaneous immunotherapy,
2015-Jan-03,b9804a51-714b-495f-96a5-7aa9d0bc3361,890815fe-f7fd-475f-9599-efd54f3d1a75,4.28×10^+14,Documentation of current medications,
2009-Dec-27,d8cb3f37-2060-482c-b026-5bb804c3679b,7d23971a-1452-4bf7-aa44-396555ae8ef9,2.34×10^+07,Measurement of respiratory function (procedure),Acute bronchitis (disorder)
2017-Aug-26,659e7dd2-6e20-4706-be35-d5b7b2e90987,56f53d32-35cc-4a4d-ba89-734f1a27e80a,6.52×10^+07,Insertion of intrauterine contraceptive device,
2013-Oct-31,00d4fba5-9a5f-411a-9010-c970fb50962e,ad675aa0-ffb9-4597-927a-4e2ea810e701,4.28×10^+14,Documentation of current medications,
2009-Sep-16,59b4810f-8e7b-4f6c-9fd9-6e06d91bd184,642b6f62-0648-41bb-9281-8d448f6e7058,7.66×10^+07,Intramuscular injection,
2012-Sep-26,dd30a0b1-e81e-4148-a1d6-5debd15fbc0c,0921a375-e0e5-4d0a-9a0b-98883a656417,4.28×10^+14,Documentation of current medications,
2009-May-25,0853f544-fdef-4464-8745-239cccfe94b2,e670f84e-e500-4033-be13-02a1229ea189,7.66×10^+07,Intramuscular injection,
2010-Sep-20,7b732e38-1ec5-4083-b195-3fad5240a358,33c0317b-16ad-427b-8f09-3c7e54e39368,7.66×10^+07,Intramuscular injection,
2014-Dec-22,7b732e38-1ec5-4083-b195-3fad5240a358,a0fe6224-16bf-40a8-b483-ece8c0573a62,7.66×10^+07,Intramuscular injection,
2016-Apr-27,495fcdab-b67c-4ea8-aaf5-2dcd6fbd6b6d,38eddef1-dc86-4756-9651-5f0b7197d318,4.28×10^+14,Documentation of current medications,
2010-Apr-20,90a81394-ba79-47d9-821b-59bce3bec742,5ed4065e-a4fb-41e4-912a-9a3603c5be8d,7.66×10^+07,Intramuscular injection,
2013-Jun-11,b6770dab-6757-4874-a5c7-7aef1f5e2e25,4becfa5a-d317-4734-a1e7-2a423c673b40,1.80×10^+08,Subcutaneous immunotherapy,
2010-Oct-30,00d4fba5-9a5f-411a-9010-c970fb50962e,218c62b0-829e-4662-98d4-06c79452dd85,4.28×10^+14,Documentation of current medications,
2017-Jun-28,5338e62b-fe72-4d84-bdb5-4c9c8cca6c71,f9801388-44a5-4879-9ee1-c1278d861571,1.80×10^+08,Subcutaneous immunotherapy,
2009-Nov-29,8347d9a9-80de-4929-9d15-df9b112ef9c5,3f587073-b77d-4680-93f9-755ec2a6e55f,2.74×10^+08,Bone immobilization,Fracture subluxation of wrist
2014-Jun-21,ebd9448f-a5fe-45a0-a1a7-133aba420d03,1082d019-d366-41a9-9b6a-702b549e1639,3.13×10^+08,Bone density scan (procedure),Fracture of forearm
2017-Jul-31,319fead7-19d2-43f8-902d-9ee59f6898dd,43f8494d-2b6c-4d65-8be1-e2aaade2047c,4.28×10^+14,Documentation of current medications,
2008-Jul-20,64a86dc6-2d33-4fca-af10-516bb494837c,d39b522c-a15b-4dc7-a8e0-8c742ad5c996,7.15×10^+08,Induced termination of pregnancy,Normal pregnancy
2016-May-09,642303e7-86bf-4ba7-ba84-391752520b59,bb3697e1-f821-4433-b1d5-da999c4a432d,2.29×10^+08,Cognitive and behavioral therapy,Child attention deficit disorder
2014-May-09,34c72c77-01a3-4504-91a7-2d2e158e3f98,c2e073aa-2f5b-48dd-80d7-b0f27be7ec8b,4.28×10^+14,Documentation of current medications,
2017-May-18,a5258466-488d-4c0f-b1ab-33a3275e9d63,f25874ff-47eb-4ed4-ae56-f3cde1f3b8d0,2.33×10^+08,Coronary artery bypass grafting,
2012-Jun-13,e032e78a-6868-43a8-bb1a-b2592a91c0c3,c38c9233-8452-4443-b338-0e2c6b8f0ff9,4.28×10^+14,Documentation of current medications,
2014-Nov-13,70cbc79e-dd9d-4e3b-8158-a92d85951f94,903e0d9a-60e0-4e59-b5a8-16012b70a567,4.28×10^+14,Documentation of current medications,
2008-Jul-25,c8e2a83a-c07b-4f81-a79e-ea27a7d8cf37,66898c04-a1c3-4682-8af0-afe6dba86b95,1.70×10^+08,Insertion of subcutaneous contraceptive,
2011-May-15,7fa0746d-95e1-4ddb-9c1c-71a28da86572,6a16c288-6e4e-474c-b007-5eef2e6da8be,2.52×10^+08,Standard pregnancy test,Normal pregnancy
2013-Jun-18,bbbe2391-f249-4114-a510-3088189a1f8e,f052c545-6cc6-4774-af23-183408e701eb,1.80×10^+08,Subcutaneous immunotherapy,
2011-Sep-22,86d3a30a-05f5-4685-aec5-f44b1e5a54c5,0060c4c9-9925-46d1-b9b9-bd081c8dc000,7.03×10^+08,Combined chemotherapy and radiation therapy (procedure),Malignant tumor of colon
2016-Dec-18,0583c5ff-17d3-431e-8b71-dd8638173280,0acfa72c-9172-43aa-81ce-2632a6905f9e,1.80×10^+08,Subcutaneous immunotherapy,
2017-Feb-12,ef8342d3-26e9-4d5d-a472-946ebec965bd,754470ed-add7-4db2-b66f-1e78b3c33a3e,6.63×10^+07,Childbirth,Normal pregnancy
2014-Apr-30,2c3662fa-36ae-4259-a8cb-7bede0bb1d64,f7c17cbe-e957-45e6-ae42-cbedbc2855ff,4.28×10^+14,Documentation of current medications,
2016-Dec-05,e61d243a-5245-479c-bdc8-bcb2b8c27cb8,ec2fce58-34b2-4d3b-a4ee-6556608a6208,4.28×10^+14,Documentation of current medications,
2008-Aug-16,cbc3614c-8447-4810-8089-e7b57a70aa6c,3d1f3f2b-1ac2-418c-93d8-774aa7883114,7.66×10^+07,Intramuscular injection,
2016-Jul-11,5338e62b-fe72-4d84-bdb5-4c9c8cca6c71,2da853e9-d41e-4ff6-bf80-fee3c30869f1,1.80×10^+08,Subcutaneous immunotherapy,
2011-Apr-21,68f094bb-dd13-4a96-844a-9c509effd8de,6f7ca418-fccf-4a75-a4e1-fafc3461c25d,8.55×10^+07,Episiotomy,Normal pregnancy
2011-Dec-27,04e7994c-d4e2-4f8d-8048-e7d36239a35d,e8ddefba-9b22-4279-a0be-9f032daa0978,4.28×10^+14,Documentation of current medications,
2017-Feb-11,a0cada0e-e99d-46c9-83d4-c0c18086586e,7c1c482c-7f2c-4916-8962-03959327edd4,4.28×10^+14,Documentation of current medications,
2016-Jul-03,ef8342d3-26e9-4d5d-a472-946ebec965bd,23df9a4a-482c-430e-8ada-159db09536b7,2.52×10^+08,Standard pregnancy test,Normal pregnancy
2017-Jun-17,28b4e442-afe8-416c-b1a3-11a1e64bf82b,0b28bd70-e7c5-42af-b0b7-d3a05711ed8f,2.34×10^+07,Measurement of respiratory function (procedure),Acute bronchitis (disorder)
2013-Dec-03,e9e0d59d-38fd-471f-b132-20deaa51ac35,5a183ece-13b1-4842-a48e-031636a2c435,4.28×10^+14,Documentation of current medications,
2014-Oct-20,c8e2a83a-c07b-4f81-a79e-ea27a7d8cf37,06ab2cc0-ea97-4fa1-8cf2-6bfe3005b51e,2.52×10^+08,Standard pregnancy test,Normal pregnancy
2017-Apr-14,13cda82a-3cfe-4ad7-9c04-5b324f148340,05473ef1-1cb7-4d9a-99c2-b56c442619c8,3.12×10^+08,Information gathering (procedure),
2011-Aug-28,98425d79-f1fd-4777-9733-fffb6e412b58,fb69e289-0108-4313-ab17-6fd6438cfbb3,1.80×10^+08,Subcutaneous immunotherapy,
2008-Jul-11,72c25948-f5ae-49e1-885d-15dec717c4cf,0f23ee73-43ac-4186-81d1-bbf4d8095555,2.34×10^+07,Measurement of respiratory function (procedure),Acute bronchitis (disorder)
2015-Oct-02,3d392eab-9c13-4201-9f13-e1ca412f6dac,ced66fe1-c807-475f-b3fb-c5360e9f84ad,1.28×10^+08,Spirometry (procedure),Pulmonary emphysema (disorder)
2012-Mar-19,2c884d0f-62a1-4371-becc-36a98cdc4f52,1068e3ac-bf66-4be7-af8d-825c569c8b37,4.28×10^+14,Documentation of current medications,
2009-Dec-13,b310e814-20ab-4ffb-b46b-840ff1a83519,8d10cfdb-52e1-4278-ba7f-b508dcac71c5,4.28×10^+14,Documentation of current medications,
2012-Aug-08,1878558e-c270-434a-88d0-66cf66b2a581,c5f62e30-d315-4dfb-81eb-f70f115d243f,4.28×10^+14,Documentation of current medications,
2013-Aug-15,78b0dc72-9d89-493c-98fa-631d378604d8,2bc20ce3-5109-4e3c-a701-38ea8a7c266b,4.28×10^+14,Documentation of current medications,
2010-Jul-20,6e58695d-b4bb-48e3-9499-cf004745e8e8,b2eb3d96-b2a9-4fcb-bc4e-aef85d08eeee,4.28×10^+14,Documentation of current medications,
2016-Jun-17,3834896d-bbe2-40f3-9bbb-48b42b9fa175,967feb57-bb72-4907-9d97-17eadc0af8d5,4.28×10^+14,Documentation of current medications,
2011-Mar-11,ebd9448f-a5fe-45a0-a1a7-133aba420d03,bb6c1340-de79-41bc-a767-a41f1801f517,4.67×10^+07,Replacement of contraceptive intrauterine device,
2011-Aug-21,1e2bfd82-4d6f-4978-b34d-486e7ce1b2df,26103c4d-7b53-4610-891b-32e24cafbce6,1.80×10^+08,Subcutaneous immunotherapy,
2016-Dec-15,8f1fc6b4-1879-4577-8b94-7f4b8abf7efe,af615bef-51f5-47e9-bbb0-0d8f294059e7,4.28×10^+14,Documentation of current medications,
2009-Dec-23,59b4810f-8e7b-4f6c-9fd9-6e06d91bd184,a5179bc0-5779-49aa-82c8-7fa143e633d6,7.66×10^+07,Intramuscular injection,
2016-Jul-11,95bb9d1a-99a3-4442-bf55-e5aa3db08122,11ac319b-def6-4fec-b465-509237f2646e,4.19×10^+08,Computed tomography of chest and abdomen,Suspected lung cancer (situation)
2016-Feb-24,b6770dab-6757-4874-a5c7-7aef1f5e2e25,12d51cc7-7eac-49e3-8a93-d193a6610c47,1.80×10^+08,Subcutaneous immunotherapy,
2011-Dec-22,cd96d791-09ca-4d08-a913-66a3559117eb,23691ae1-3b1b-484c-ae06-942bbe614903,7.38×10^+07,Colonoscopy,
2014-Apr-27,a9fea7db-34d6-4ce5-93bf-d8aef3d62e45,78e531aa-d8a9-4afa-b6aa-1a4fd2cb80e8,7.66×10^+07,Intramuscular injection,
2015-Apr-05,3c0991b2-0a1b-4998-8c62-5bc418468832,05afd92f-a189-461e-b2e9-cebd9ab86a6c,4.28×10^+14,Documentation of current medications,
2016-Feb-12,5977f93d-de9b-4d04-b387-e0f4d9ba7a13,e4928e29-ef55-4336-aee1-607434e67a7f,4.28×10^+14,Documentation of current medications,
2012-Sep-20,d49a5eff-ef3b-4ed7-a184-f6e9cc1f97a0,0162b9dc-0b84-43ac-91a4-cfbbc8777159,2.34×10^+07,Measurement of respiratory function (procedure),Acute bronchitis (disorder)
2008-Sep-23,f74a293e-5da0-4c0b-99c3-d9e6a0d83331,36273f0b-8244-44b0-8d87-af93e3ca6dff,4.28×10^+14,Documentation of current medications,
2013-May-21,fab682c5-4295-4d15-80eb-ce34b148d81f,eef2d571-39a6-4b49-9198-c41fe5e27ee2,3.95×10^+08,Allergy screening test,
2011-Jul-15,e497677a-79d0-43ee-994e-a365ee8c497a,7c906abb-b4c4-4db5-86b8-98d2f7dfffb8,1.80×10^+08,Subcutaneous immunotherapy,
2013-Apr-16,4c64d3de-c5ad-4246-b3cf-0c631a5bee59,3142b6c0-1fa9-4dea-b7c6-f864ad5be565,4.28×10^+14,Documentation of current medications,
