EntityBizID,CardCreditID,DateModified
17080,8687,08/July/2012 00:00:00.0
8701,14690,13/October/2013 00:00:00.0
17089,10102,20/July/2013 00:00:00.0
13702,8995,17/August/2013 00:00:00.0
13350,16995,29/August/2013 00:00:00.0
13398,9545,28/April/2013 00:00:00.0
4250,11188,27/August/2012 00:00:00.0
10020,15112,23/August/2013 00:00:00.0
16149,2280,25/January/2014 00:00:00.0
2765,16921,23/March/2014 00:00:00.0
5623,9405,28/September/2011 00:00:00.0
3415,10425,05/February/2014 00:00:00.0
17580,571,07/March/2014 00:00:00.0
13867,14931,11/January/2014 00:00:00.0
7556,12012,15/December/2013 00:00:00.0
11907,7316,10/May/2014 00:00:00.0
3611,14521,17/April/2014 00:00:00.0
5030,4440,01/March/2014 00:00:00.0
12594,11509,31/October/2013 00:00:00.0
14265,15082,16/December/2013 00:00:00.0
11549,15630,08/June/2011 00:00:00.0
11746,16535,10/February/2014 00:00:00.0
11342,14859,18/November/2011 00:00:00.0
10312,7623,22/February/2013 00:00:00.0
18853,13086,22/March/2012 00:00:00.0
19355,551,30/April/2014 00:00:00.0
17317,269,04/July/2011 00:00:00.0
16273,15397,24/April/2014 00:00:00.0
12660,561,24/December/2011 00:00:00.0
4553,3032,15/October/2013 00:00:00.0
2995,18035,06/December/2012 00:00:00.0
10300,601,27/December/2013 00:00:00.0
16339,17556,10/October/2012 00:00:00.0
7879,7066,23/August/2013 00:00:00.0
15694,17032,30/July/2013 00:00:00.0
6856,6109,08/February/2014 00:00:00.0
9386,4785,30/April/2013 00:00:00.0
3671,13060,07/April/2014 00:00:00.0
10725,2626,17/May/2012 00:00:00.0
14731,13730,11/May/2013 00:00:00.0
15030,18034,02/December/2013 00:00:00.0
3490,1200,05/July/2013 00:00:00.0
16155,14523,22/January/2014 00:00:00.0
8009,4423,03/February/2013 00:00:00.0
6149,18310,11/October/2013 00:00:00.0
7810,17980,11/December/2012 00:00:00.0
9426,1595,18/May/2014 00:00:00.0
8987,11675,25/December/2013 00:00:00.0
13115,16269,09/September/2013 00:00:00.0
9572,15834,20/September/2013 00:00:00.0
4902,7940,07/May/2012 00:00:00.0
6540,15128,03/February/2014 00:00:00.0
19097,8534,17/January/2014 00:00:00.0
10983,13535,18/February/2014 00:00:00.0
12376,6421,19/June/2014 00:00:00.0
15454,12815,25/August/2013 00:00:00.0
8994,4592,16/June/2013 00:00:00.0
15828,8383,19/November/2012 00:00:00.0
3684,11463,10/November/2012 00:00:00.0
14844,1267,21/November/2013 00:00:00.0
6150,9009,28/October/2013 00:00:00.0
20739,15515,25/October/2011 00:00:00.0
751,17669,01/August/2011 00:00:00.0
6162,9360,04/March/2012 00:00:00.0
617,2602,31/July/2013 00:00:00.0
19038,14706,13/December/2013 00:00:00.0
10785,16468,28/July/2013 00:00:00.0
4909,317,27/May/2014 00:00:00.0
12838,1401,12/August/2012 00:00:00.0
19777,16681,31/August/2012 00:00:00.0
5888,8517,23/May/2014 00:00:00.0
6994,10886,01/May/2014 00:00:00.0
11883,8222,24/March/2014 00:00:00.0
8532,16320,16/June/2014 00:00:00.0
12815,16258,03/January/2013 00:00:00.0
10049,13840,04/December/2011 00:00:00.0
7744,14845,25/March/2014 00:00:00.0
19100,4954,25/October/2013 00:00:00.0
10132,15853,11/December/2013 00:00:00.0
17745,3477,30/December/2011 00:00:00.0
5186,252,15/December/2013 00:00:00.0
7814,5018,16/July/2013 00:00:00.0
19614,11600,26/October/2012 00:00:00.0
9665,14819,06/April/2013 00:00:00.0
17076,7338,29/May/2013 00:00:00.0
13537,5923,27/March/2014 00:00:00.0
9159,484,15/August/2013 00:00:00.0
20333,6461,10/June/2014 00:00:00.0
6594,18121,29/August/2013 00:00:00.0
12398,14420,10/September/2013 00:00:00.0
4986,6801,21/November/2012 00:00:00.0
5559,137,30/April/2013 00:00:00.0
11048,8168,29/September/2013 00:00:00.0
17932,16809,19/July/2013 00:00:00.0
3575,647,23/May/2014 00:00:00.0
12944,3445,21/February/2012 00:00:00.0
12693,15040,26/May/2014 00:00:00.0
9232,5359,30/September/2012 00:00:00.0
6621,15519,10/May/2012 00:00:00.0
7678,4474,12/July/2013 00:00:00.0
16758,1314,12/August/2013 00:00:00.0
9784,4585,09/August/2013 00:00:00.0
5553,14543,02/July/2013 00:00:00.0
18584,6043,15/September/2012 00:00:00.0
12610,6385,31/May/2014 00:00:00.0
4529,804,24/August/2013 00:00:00.0
9089,9167,08/December/2013 00:00:00.0
19749,1156,03/March/2014 00:00:00.0
18172,12273,25/June/2013 00:00:00.0
13241,6238,30/August/2013 00:00:00.0
13890,2334,13/October/2011 00:00:00.0
17768,8324,29/August/2013 00:00:00.0
6449,17067,04/April/2014 00:00:00.0
4880,12700,29/December/2013 00:00:00.0
3591,669,05/February/2014 00:00:00.0
4901,12308,20/September/2013 00:00:00.0
18870,7100,26/March/2014 00:00:00.0
4871,2925,13/September/2013 00:00:00.0
17239,1930,13/April/2014 00:00:00.0
9411,17046,22/July/2013 00:00:00.0
4491,893,27/January/2014 00:00:00.0
15722,18239,21/May/2014 00:00:00.0
12911,2284,17/March/2012 00:00:00.0
13369,15585,23/June/2012 00:00:00.0
8405,15140,08/July/2012 00:00:00.0
6803,14041,29/September/2011 00:00:00.0
20229,4024,29/June/2011 00:00:00.0
17198,7882,15/January/2013 00:00:00.0
14982,9755,07/August/2012 00:00:00.0
13357,1398,14/February/2013 00:00:00.0
19687,11134,06/April/2012 00:00:00.0
15943,9287,13/July/2013 00:00:00.0
6589,2726,30/July/2011 00:00:00.0
6406,3012,02/March/2012 00:00:00.0
9994,1709,01/December/2013 00:00:00.0
13772,12276,18/February/2014 00:00:00.0
11406,2930,09/November/2012 00:00:00.0
16492,2490,30/April/2014 00:00:00.0
7860,14869,21/January/2014 00:00:00.0
18011,5465,23/January/2014 00:00:00.0
10249,5091,17/November/2013 00:00:00.0
8005,15554,31/October/2013 00:00:00.0
5271,17534,16/January/2014 00:00:00.0
17270,16045,19/April/2014 00:00:00.0
15401,3937,29/April/2014 00:00:00.0
8525,17721,27/May/2014 00:00:00.0
9818,14190,22/December/2013 00:00:00.0
5634,12479,12/July/2012 00:00:00.0
4997,14061,29/July/2013 00:00:00.0
5056,11,04/May/2014 00:00:00.0
16632,537,10/January/2013 00:00:00.0
5293,5797,19/April/2014 00:00:00.0
20713,14876,06/September/2011 00:00:00.0
9556,3856,30/March/2014 00:00:00.0
18943,3408,25/July/2012 00:00:00.0
8551,14590,11/November/2013 00:00:00.0
8902,11901,26/June/2014 00:00:00.0
5299,12266,27/February/2014 00:00:00.0
14715,6605,06/September/2013 00:00:00.0
15344,17454,14/December/2013 00:00:00.0
19485,4718,31/January/2012 00:00:00.0
16069,1723,28/June/2012 00:00:00.0
3418,11572,10/December/2013 00:00:00.0
7446,9452,03/April/2014 00:00:00.0
11459,12757,07/July/2013 00:00:00.0
