SalesOrderID,RevisionNumber,OrderDate,DueDate,ShipDate,Status,OnlineOrderFlag,SalesOrderNumber,PurchaseOrderNumber,AccountNumber,CustomerID,SalesPersonID,TerritoryID,BillToAddressID,ShipToAddressID,ShipMethodID,CreditCardID,CreditCardApprovalCode,CurrencyRateID,SubTotal,TaxAmt,Freight,TotalDue,Comment,rowguid,ModifiedDate
72215,8,two thousand and fourteen.five.five 00:00:00.0,MMXIV-V-XVII 00:00:00.0,MMXIV-V-XII 00:00:00.0,5,1,SO72215,,10-4030-015746,15746,,1,21332,21332,1,17591.0,825829Vi91347,,4.99,0.3992,0.1248,5.514,,B17E3542-E154-4476-AD68-0A81472F64A5,12/May/2014 00:00:00.0
73342,8,two thousand and fourteen.five.twenty 00:00:00.0,MMXIV-VI-I 00:00:00.0,MMXIV-V-XXVII 00:00:00.0,5,1,SO73342,,10-4030-027595,27595,,9,11465,11465,1,6359.0,218084Vi33015,12305.0,64.47,5.1576,1.6118,71.2394,,7F3E377E-8B3C-415B-AF5E-07D86EDA1F6D,27/May/2014 00:00:00.0
59118,8,two thousand and thirteen.ten.thirty 00:00:00.0,MMXIII-XI-XI 00:00:00.0,MMXIII-XI-VI 00:00:00.0,5,1,SO59118,,10-4030-014949,14949,,10,15548,15548,1,12549.0,437844Vi64943,10088.0,777.34,62.1872,19.4335,858.9607,,CDCD8835-DF9C-4519-A4E9-4DBDD09DBAD1,06/November/2013 00:00:00.0
72310,8,two thousand and fourteen.five.six 00:00:00.0,MMXIV-V-XVIII 00:00:00.0,MMXIV-V-XIII 00:00:00.0,5,1,SO72310,,10-4030-012611,12611,,10,25009,25009,1,15141.0,728336Vi78308,12156.0,58.47,4.6776,1.4618,64.6094,,C89F95C5-3638-4359-BDB3-B28B724DE0EB,13/May/2014 00:00:00.0
66153,8,two thousand and fourteen.two.ten 00:00:00.0,MMXIV-II-XXII 00:00:00.0,MMXIV-II-XVII 00:00:00.0,5,1,SO66153,,10-4030-015929,15929,,10,12568,12568,1,16866.0,1242841Vi87423,11221.0,2393.06,191.4448,59.8265,2644.3313,,F2D76564-9050-48A6-8694-B23C91D3190B,17/February/2014 00:00:00.0
62880,8,two thousand and thirteen.twelve.twenty-seven 00:00:00.0,MMXIV-I-VIII 00:00:00.0,MMXIV-I-III 00:00:00.0,5,1,SO62880,,10-4030-017236,17236,,9,11867,11867,1,1770.0,1217316Vi9126,10721.0,32.28,2.5824,0.807,35.6694,,23874161-A734-434D-974D-418919472E28,03/January/2014 00:00:00.0
46543,8,two thousand and twelve.five.twenty-two 00:00:00.0,MMXII-VI-III 00:00:00.0,MMXII-V-XXIX 00:00:00.0,5,1,SO46543,,10-4030-011549,11549,,10,29878,29878,1,,,4302.0,3399.99,271.9992,84.9998,3756.989,,61261BB5-3529-42F5-AEAD-BEC40BC1BD49,29/May/2012 00:00:00.0
69841,8,two thousand and fourteen.four.three 00:00:00.0,MMXIV-IV-XV 00:00:00.0,MMXIV-IV-X 00:00:00.0,5,1,SO69841,,10-4030-011417,11417,,7,21465,21465,1,6582.0,237787Vi34223,,756.33,60.5064,18.9083,835.7447,,69587D0D-DFDF-4D98-9743-820F1B00D56C,10/April/2014 00:00:00.0
62342,8,two thousand and thirteen.twelve.seventeen 00:00:00.0,MMXIII-XII-XXIX 00:00:00.0,MMXIII-XII-XXIV 00:00:00.0,5,1,SO62342,,10-4030-029085,29085,,9,18473,18473,1,8480.0,1243424Vi43843,10611.0,777.34,62.1872,19.4335,858.9607,,1AEA95E0-5192-43AB-A917-A44D59E5150D,24/December/2013 00:00:00.0
54405,8,two thousand and thirteen.eight.fourteen 00:00:00.0,MMXIII-VIII-XXVI 00:00:00.0,MMXIII-VIII-XXI 00:00:00.0,5,1,SO54405,,10-4030-023897,23897,,8,25434,25434,1,868.0,1227327Vi4406,,38.98,3.1184,0.9745,43.0729,,106FF1FC-6AE8-4AF3-8F7F-9CC21E940EC2,21/August/2013 00:00:00.0
50331,8,two thousand and thirteen.three.thirty 00:00:00.0,MMXIII-IV-XI 00:00:00.0,MMXIII-IV-VI 00:00:00.0,5,1,SO50331,,10-4030-015915,15915,,4,23838,23838,1,8293.0,233466Vi42961,,782.99,62.6392,19.5748,865.204,,FEB752C5-729C-486A-9DAC-B8259AA6EFBE,06/April/2013 00:00:00.0
73494,8,two thousand and fourteen.five.twenty-one 00:00:00.0,MMXIV-VI-II 00:00:00.0,MMXIV-V-XXVIII 00:00:00.0,5,1,SO73494,,10-4030-025589,25589,,8,12490,12490,1,11235.0,742759Vi57960,,539.99,43.1992,13.4998,596.689,,DD3A85DF-4332-4EBF-93AB-99D23EB98AD0,28/May/2014 00:00:00.0
59962,8,two thousand and thirteen.eleven.eleven 00:00:00.0,MMXIII-XI-XXIII 00:00:00.0,MMXIII-XI-XVIII 00:00:00.0,5,1,SO59962,,10-4030-022576,22576,,9,26258,26258,1,5108.0,738923Vi26742,10215.0,539.99,43.1992,13.4998,596.689,,718B3E71-A54B-4110-9215-AA37AAC62F6B,18/November/2013 00:00:00.0
46294,8,two thousand and twelve.four.twenty-three 00:00:00.0,MMXII-V-V 00:00:00.0,MMXII-IV-XXX 00:00:00.0,5,1,SO46294,,10-4030-011986,11986,,9,11699,11699,1,12153.0,1135290Vi62822,3978.0,3399.99,271.9992,84.9998,3756.989,,7EB2ABB8-6B0E-4FCA-9E29-407A3344D92E,30/April/2012 00:00:00.0
62727,8,two thousand and thirteen.twelve.twenty-four 00:00:00.0,MMXIV-I-V 00:00:00.0,MMXIII-XII-XXXI 00:00:00.0,5,1,SO62727,,10-4030-021847,21847,,10,17286,17286,1,17667.0,927623Vi91665,10693.0,187.98,15.0384,4.6995,207.7179,,D0B5150B-F059-434A-92B8-436456EC3AB1,31/December/2013 00:00:00.0
53234,8,two thousand and thirteen.seven.twenty-six 00:00:00.0,MMXIII-VIII-VII 00:00:00.0,MMXIII-VIII-II 00:00:00.0,5,1,SO53234,,10-4030-013871,13871,,4,21710,21710,1,2066.0,1036490Vi10777,,878.96,70.3168,21.974,971.2508,,03F2CA43-5662-43CB-BAE0-8F827AD36E65,02/August/2013 00:00:00.0
46870,8,two thousand and twelve.six.twenty-two 00:00:00.0,MMXII-VII-IV 00:00:00.0,MMXII-VI-XXIX 00:00:00.0,5,1,SO46870,,10-4030-013605,13605,,7,27067,27067,1,8488.0,230983Vi43885,,2443.35,195.468,61.0838,2699.9018,,1C76A425-FE0A-4F9E-B0CB-8DCF52FC0FDD,29/June/2012 00:00:00.0
47492,8,two thousand and twelve.eight.six 00:00:00.0,MMXII-VIII-XVIII 00:00:00.0,MMXII-VIII-XIII 00:00:00.0,5,1,SO47492,,10-4030-019181,19181,,7,29448,29448,1,,,,782.99,62.6392,19.5748,865.204,,6CDAAADB-4E52-4BAB-BE40-211F00ADB7B6,13/August/2012 00:00:00.0
45570,8,two thousand and twelve.one.twenty-nine 00:00:00.0,MMXII-II-X 00:00:00.0,MMXII-II-V 00:00:00.0,5,0,SO45570,PO7192194940,10-4020-000020,29810,283.0,1,835,835,5,7845.0,58452Vi40596,,32429.904,3113.2708,972.8971,36516.0719,,3BA35C5D-831E-4DA5-899B-6A978029B228,05/February/2012 00:00:00.0
44480,8,two thousand and eleven.nine.thirty 00:00:00.0,MMXI-X-XII 00:00:00.0,MMXI-X-VII 00:00:00.0,5,1,SO44480,,10-4030-025891,25891,,4,27515,27515,1,11742.0,533271Vi60717,,3374.99,269.9992,84.3748,3729.364,,AEA709FB-EE99-450F-8013-C46CD397CCE7,07/October/2011 00:00:00.0
43751,8,two thousand and eleven.six.thirteen 00:00:00.0,MMXI-VI-XXV 00:00:00.0,MMXI-VI-XX 00:00:00.0,5,1,SO43751,,10-4030-011592,11592,,7,17421,17421,1,711.0,331101Vi3645,177.0,3578.27,286.2616,89.4568,3953.9884,,BECFDFC1-4E38-4250-9ED8-5F88282865F8,20/June/2011 00:00:00.0
60748,8,two thousand and thirteen.eleven.twenty-three 00:00:00.0,MMXIII-XII-V 00:00:00.0,MMXIII-XI-XXX 00:00:00.0,5,1,SO60748,,10-4030-026581,26581,,1,17140,17140,1,4578.0,539911Vi24002,,751.34,60.1072,18.7835,830.2307,,54ABDDEE-E956-48AF-A866-67950E158BC5,30/November/2013 00:00:00.0
48510,8,two thousand and twelve.eleven.nine 00:00:00.0,MMXII-XI-XXI 00:00:00.0,MMXII-XI-XVI 00:00:00.0,5,1,SO48510,,10-4030-026631,26631,,4,24880,24880,1,1902.0,733252Vi9885,,2071.4196,165.7136,51.7855,2288.9187,,9D5D8189-C058-4872-8E31-052E2912217D,16/November/2012 00:00:00.0
74943,8,two thousand and fourteen.six.twenty-five 00:00:00.0,MMXIV-VII-VII 00:00:00.0,MMXIV-VII-II 00:00:00.0,5,1,SO74943,,10-4030-027383,27383,,4,19374,19374,1,15677.0,1021233Vi81004,,68.97,5.5176,1.7243,76.2119,,D62C2671-E2DC-4630-AF14-B76E081C375B,02/July/2014 00:00:00.0
