uid,player_fifa_api_id,player_api_id,record_date,rating_overall_add10,dominant_foot,offense_workrate,defense_workrate,cross_attempts,goal_finishing,header_precision,short_passes,volley_shots,dribble_skill_mul100,ball_curve,freeKickPrecision,long_passes,control_ball,accel_rate,sprintVelocity,agility_score,reaction_time,balance_factor,power_shot,jump_height,stamina_level,strength_score,distant_shots,aggression_level_mul100,intercept_count,field_positioning,vision_range,penalty_kicks_mul10,marking_skill,standTackle,slideTackle,gkDiveDepth,gkHandCatch,gkKickPower,gkPositionalAwareness,gkReflexSpeed_sub2
80113,215792,449666,two thousand and fifteen.nine.twenty-one 00:00:00,85.0,right,medium,medium,30.0,23.0,74.0,64.0,31.0,3700.0,26.0,26.0,56.0,53.0,70.0,65.0,64.0,68.0,58.0,45.0,75.0,63.0,77.0,35.0,7200.0,77.0,26.0,30.0,540.0,77.0,80.0,78.0,7.0,15.0,9.0,13.0,8.0
27363,180409,78314,two thousand and fifteen.nine.twenty-one 00:00:00,81.0,right,low,high,40.0,47.0,80.0,71.0,49.0,5700.0,22.0,66.0,65.0,64.0,55.0,55.0,53.0,74.0,45.0,79.0,48.0,69.0,84.0,75.0,7200.0,72.0,42.0,56.0,360.0,77.0,72.0,70.0,6.0,13.0,8.0,14.0,10.0
14211,211293,170660,two thousand and fifteen.two.thirteen 00:00:00,75.0,right,high,low,53.0,64.0,60.0,61.0,67.0,6500.0,58.0,57.0,39.0,66.0,78.0,76.0,75.0,65.0,71.0,66.0,73.0,62.0,52.0,61.0,2500.0,25.0,65.0,51.0,610.0,25.0,25.0,25.0,8.0,8.0,7.0,8.0,10.0
11747,49633,414792,two thousand and fourteen.three.twenty-eight 00:00:00,78.0,left,medium,medium,76.0,62.0,66.0,71.0,70.0,6900.0,68.0,55.0,67.0,68.0,67.0,63.0,76.0,66.0,63.0,70.0,66.0,64.0,65.0,70.0,6600.0,67.0,71.0,59.0,620.0,66.0,69.0,72.0,11.0,14.0,7.0,11.0,3.0
11992,7763,30731,two thousand and fourteen.four.eleven 00:00:00,94.0,right,low,medium,83.0,61.0,51.0,92.0,71.0,7900.0,87.0,90.0,95.0,93.0,55.0,55.0,69.0,87.0,81.0,80.0,33.0,60.0,63.0,84.0,6200.0,68.0,56.0,94.0,840.0,45.0,65.0,55.0,6.0,5.0,10.0,9.0,6.0
154231,18115,164323,two thousand and fourteen.one.seventeen 00:00:00,78.0,left,medium,medium,50.0,56.0,76.0,56.0,50.0,4000.0,47.0,30.0,51.0,51.0,65.0,69.0,65.0,69.0,60.0,64.0,87.0,70.0,75.0,50.0,6800.0,68.0,37.0,39.0,570.0,67.0,70.0,64.0,15.0,6.0,15.0,13.0,5.0
93693,178132,29257,two thousand and sixteen.three.twenty-four 00:00:00,80.0,right,high,medium,68.0,60.0,58.0,71.0,72.0,7500.0,63.0,61.0,52.0,74.0,78.0,74.0,75.0,72.0,72.0,61.0,67.0,70.0,53.0,66.0,3000.0,29.0,67.0,68.0,600.0,21.0,30.0,25.0,14.0,8.0,16.0,16.0,8.0
4445,206467,294859,two thousand and fifteen.one.nine 00:00:00,76.0,right,high,medium,61.0,63.0,54.0,66.0,54.0,7200.0,55.0,44.0,48.0,70.0,79.0,80.0,73.0,58.0,67.0,74.0,63.0,63.0,68.0,75.0,4900.0,30.0,67.0,60.0,620.0,37.0,35.0,29.0,10.0,14.0,15.0,11.0,12.0
16381,106231,33028,two thousand and ten.two.twenty-two 00:00:00,89.0,right,medium,high,69.0,84.0,83.0,75.0,76.0,7600.0,62.0,52.0,64.0,74.0,82.0,81.0,72.0,74.0,73.0,77.0,89.0,80.0,71.0,77.0,6900.0,76.0,81.0,75.0,710.0,44.0,42.0,47.0,9.0,20.0,64.0,20.0,18.0
35093,189468,40957,two thousand and thirteen.five.three 00:00:00,81.0,right,medium,low,71.0,64.0,57.0,62.0,67.0,7400.0,42.0,50.0,63.0,71.0,84.0,82.0,80.0,74.0,78.0,72.0,61.0,69.0,64.0,68.0,5500.0,35.0,67.0,61.0,620.0,10.0,21.0,20.0,15.0,6.0,10.0,7.0,8.0
79195,193459,171242,two thousand and seven.two.twenty-two 00:00:00,77.0,right,high,medium,50.0,69.0,64.0,47.0,61.0,5700.0,65.0,56.0,53.0,61.0,73.0,79.0,76.0,77.0,72.0,68.0,75.0,76.0,72.0,65.0,7200.0,54.0,49.0,43.0,480.0,23.0,23.0,19.0,6.0,23.0,53.0,23.0,21.0
123329,140451,32148,two thousand and fifteen.nine.twenty-one 00:00:00,80.0,right,high,high,69.0,64.0,51.0,64.0,60.0,7100.0,54.0,43.0,63.0,71.0,79.0,77.0,76.0,71.0,75.0,65.0,64.0,82.0,68.0,61.0,4800.0,52.0,68.0,68.0,620.0,24.0,39.0,33.0,15.0,7.0,9.0,12.0,6.0
13862,153938,89185,two thousand and fifteen.three.thirteen 00:00:00,85.0,right,high,medium,79.0,55.0,75.0,78.0,42.0,7200.0,62.0,56.0,70.0,74.0,65.0,65.0,72.0,74.0,56.0,65.0,75.0,81.0,78.0,58.0,6700.0,81.0,64.0,70.0,580.0,74.0,77.0,73.0,12.0,15.0,7.0,5.0,3.0
123775,121937,27284,two thousand and nine.two.twenty-two 00:00:00,89.0,right,medium,medium,11.0,11.0,13.0,29.0,10.0,1400.0,10.0,11.0,74.0,22.0,63.0,61.0,49.0,74.0,62.0,33.0,81.0,34.0,67.0,12.0,3300.0,24.0,14.0,31.0,170.0,11.0,11.0,11.0,76.0,74.0,74.0,69.0,88.0
111345,201529,215723,two thousand and fourteen.four.eighteen 00:00:00,82.0,left,medium,high,50.0,30.0,69.0,62.0,23.0,5300.0,40.0,26.0,59.0,61.0,62.0,69.0,70.0,68.0,64.0,59.0,75.0,75.0,84.0,37.0,7100.0,71.0,30.0,46.0,460.0,72.0,72.0,74.0,9.0,15.0,13.0,6.0,5.0
15581,34824,41542,two thousand and ten.eight.thirty 00:00:00,86.0,right,high,high,68.0,77.0,77.0,73.0,74.0,7400.0,70.0,69.0,60.0,76.0,80.0,80.0,77.0,79.0,72.0,76.0,82.0,79.0,72.0,73.0,6500.0,38.0,78.0,75.0,740.0,29.0,42.0,34.0,5.0,10.0,9.0,15.0,5.0
104403,215650,215369,two thousand and thirteen.eleven.one 00:00:00,73.0,left,high,medium,60.0,34.0,49.0,49.0,32.0,6400.0,40.0,32.0,67.0,62.0,73.0,75.0,65.0,64.0,77.0,31.0,84.0,71.0,74.0,27.0,7500.0,58.0,52.0,45.0,510.0,61.0,68.0,66.0,6.0,8.0,7.0,7.0,7.0
