acct_key,region_key,freq_rate,record_date
2444,LXXVI,POPLATEK MESICNE,MCMXCVII-IX-VII
3882,X,POPLATEK MESICNE,MCMXCIII-VII-IX
3128,I,POPLATEK MESICNE,MCMXCV-I-VI
3146,LXVIII,POPLATEK MESICNE,MCMXCIII-X-XXVI
491,XLIV,POPLATEK MESICNE,MCMXCVI-V-XII
2775,XXX,POPLATEK MESICNE,MCMXCVII-XII-VIII
2004,XLII,POPLATEK MESICNE,MCMXCVI-VIII-IV
161,XXVIII,POPLATEK MESICNE,MCMXCIV-VII-IV
4343,XXXI,POPLATEK MESICNE,MCMXCIII-XI-XXII
3841,VIII,POPLATEK MESICNE,MCMXCV-I-XXII
436,XXX,POPLATEK MESICNE,MCMXCVI-VIII-VII
2423,XXX,POPLATEK MESICNE,MCMXCIII-II-XIV
3759,I,POPLATEK MESICNE,MCMXCIII-XII-XXIX
1528,L,POPLATEK MESICNE,MCMXCVI-VI-VIII
1561,LXVI,POPLATEK MESICNE,MCMXCV-IV-I
3939,LXX,POPLATEK MESICNE,MCMXCIII-VII-VIII
716,XLVII,POPLATEK MESICNE,MCMXCIV-IX-XXV
5442,XXXIV,POPLATEK MESICNE,MCMXCIII-III-XXII
2873,LXX,POPLATEK MESICNE,MCMXCVI-XII-XIII
1959,LXII,POPLATEK MESICNE,MCMXCIII-XII-XXIV
2594,XIX,POPLATEK PO OBRATU,MCMXCVII-V-III
2070,LXXII,POPLATEK MESICNE,MCMXCIII-I-XXIX
3472,LV,POPLATEK MESICNE,MCMXCVI-VII-XXI
3910,X,POPLATEK MESICNE,MCMXCVII-I-XIX
5891,LIV,POPLATEK MESICNE,MCMXCIII-I-XXV
1186,LXIV,POPLATEK MESICNE,MCMXCVII-XII-XVII
1691,XLVIII,POPLATEK MESICNE,MCMXCV-XI-VIII
1515,XI,POPLATEK MESICNE,MCMXCIII-VI-XI
3672,XXVI,POPLATEK MESICNE,MCMXCVI-III-XIX
938,LXX,POPLATEK MESICNE,MCMXCVII-XII-XIII
5196,XIII,POPLATEK TYDNE,MCMXCVII-VI-XXIX
3332,XVII,POPLATEK MESICNE,MCMXCVII-III-XXV
494,LX,POPLATEK MESICNE,MCMXCIII-III-XI
10243,XLIV,POPLATEK MESICNE,MCMXCVII-IX-III
8405,XX,POPLATEK MESICNE,MCMXCIV-V-X
3824,XLI,POPLATEK MESICNE,MCMXCIV-III-XX
1687,XXIII,POPLATEK MESICNE,MCMXCVII-IV-XVIII
1956,LXIII,POPLATEK MESICNE,MCMXCVII-V-XXIII
6472,LXI,POPLATEK MESICNE,MCMXCIV-II-VIII
3849,LXXV,POPLATEK MESICNE,MCMXCIV-X-XXI
212,XXVII,POPLATEK TYDNE,MCMXCIII-I-XX
465,XXXII,POPLATEK MESICNE,MCMXCIII-II-IV
2738,XLI,POPLATEK MESICNE,MCMXCIII-XI-XII
3614,XIX,POPLATEK MESICNE,MCMXCVI-VIII-VII
988,X,POPLATEK MESICNE,MCMXCIV-X-XXII
2132,LXXVI,POPLATEK MESICNE,MCMXCIII-X-VIII
2672,LIX,POPLATEK MESICNE,MCMXCVII-III-XIV
3730,XVII,POPLATEK MESICNE,MCMXCIV-IX-VIII
758,LI,POPLATEK MESICNE,MCMXCVII-XII-XIX
1257,LXVI,POPLATEK MESICNE,MCMXCV-X-XI
3421,XXXI,POPLATEK MESICNE,MCMXCV-II-I
3169,XIX,POPLATEK MESICNE,MCMXCVII-XII-XIX
1938,I,POPLATEK MESICNE,MCMXCIV-VI-XXV
3343,I,POPLATEK MESICNE,MCMXCVII-VIII-III
3877,LIX,POPLATEK MESICNE,MCMXCVI-X-XXII
268,III,POPLATEK MESICNE,MCMXCVI-V-XXIX
167,XXIX,POPLATEK TYDNE,MCMXCVI-II-XXVI
303,LXXI,POPLATEK MESICNE,MCMXCVI-VII-XXV
1640,XIII,POPLATEK MESICNE,MCMXCV-IX-I
1535,XLVI,POPLATEK MESICNE,MCMXCIII-III-XX
8759,I,POPLATEK MESICNE,MCMXCIII-IX-XVIII
6289,LXIV,POPLATEK MESICNE,MCMXCV-IV-V
1436,III,POPLATEK MESICNE,MCMXCIV-XII-VII
2143,I,POPLATEK MESICNE,MCMXCVI-I-XIII
24,LXXIV,POPLATEK MESICNE,MCMXCVI-XII-V
2814,LXXII,POPLATEK MESICNE,MCMXCIII-IV-XXV
731,V,POPLATEK MESICNE,MCMXCV-VII-XI
435,XXXVIII,POPLATEK MESICNE,MCMXCIII-I-VIII
3963,IX,POPLATEK MESICNE,MCMXCVII-X-XXVII
315,XLV,POPLATEK MESICNE,MCMXCVII-XII-VIII
4729,LXVI,POPLATEK MESICNE,MCMXCVII-V-XXIII
4000,VII,POPLATEK MESICNE,MCMXCIII-VIII-II
2064,LIV,POPLATEK MESICNE,MCMXCVI-XII-XXX
848,XXXI,POPLATEK MESICNE,MCMXCVI-VI-XVI
2715,XLII,POPLATEK MESICNE,MCMXCVII-X-VI
815,LVI,POPLATEK MESICNE,MCMXCIII-VIII-XXV
3442,IV,POPLATEK MESICNE,MCMXCVI-I-XVI
450,LIX,POPLATEK MESICNE,MCMXCVI-V-XXVIII
2792,I,POPLATEK MESICNE,MCMXCVI-VIII-XXVI
3448,LVIII,POPLATEK TYDNE,MCMXCVI-VI-VI
2767,LIV,POPLATEK MESICNE,MCMXCVI-III-XXIII
339,XLVI,POPLATEK TYDNE,MCMXCVI-IX-XI
1973,LXXI,POPLATEK MESICNE,MCMXCVI-VI-V
1694,VI,POPLATEK TYDNE,MCMXCIII-VIII-XXIX
1805,I,POPLATEK MESICNE,MCMXCIII-II-II
803,XIX,POPLATEK MESICNE,MCMXCV-IX-IX
2020,XIII,POPLATEK MESICNE,MCMXCIII-IX-IV
2360,XXVI,POPLATEK MESICNE,MCMXCVI-VIII-XXVII
1540,I,POPLATEK MESICNE,MCMXCV-III-XXIX
4286,XLIII,POPLATEK MESICNE,MCMXCVI-XI-XI
1416,LXVI,POPLATEK TYDNE,MCMXCIII-VII-XII
3208,XXIX,POPLATEK MESICNE,MCMXCVII-VIII-IV
9179,XXVIII,POPLATEK MESICNE,MCMXCVII-I-XXI
1449,XXXV,POPLATEK MESICNE,MCMXCIII-VIII-XXVI
1646,I,POPLATEK TYDNE,MCMXCVI-V-XXVII
703,LIV,POPLATEK MESICNE,MCMXCVII-XII-XXI
10049,XVII,POPLATEK MESICNE,MCMXCVI-III-XXVIII
2388,XXX,POPLATEK MESICNE,MCMXCIII-VI-IX
2821,LIV,POPLATEK MESICNE,MCMXCVI-VII-XII
2632,XXIV,POPLATEK MESICNE,MCMXCIII-I-II
2122,LXVIII,POPLATEK MESICNE,MCMXCIII-I-VIII
2764,LIII,POPLATEK MESICNE,MCMXCVI-VIII-XV
6400,XXXI,POPLATEK PO OBRATU,MCMXCV-X-IX
2328,XXXV,POPLATEK MESICNE,MCMXCV-VI-XIV
3458,LXIII,POPLATEK MESICNE,MCMXCV-VII-VII
2038,XLII,POPLATEK MESICNE,MCMXCIII-VIII-VI
2765,LXIX,POPLATEK MESICNE,MCMXCVII-IX-XX
4537,LIII,POPLATEK TYDNE,MCMXCVI-VII-XVIII
1390,LXIX,POPLATEK MESICNE,MCMXCVI-XII-XXX
3274,LXXVI,POPLATEK MESICNE,MCMXCVII-IX-XVII
3731,LXX,POPLATEK MESICNE,MCMXCVI-V-XX
1874,IX,POPLATEK MESICNE,MCMXCIII-III-XXVII
1142,LXXIV,POPLATEK MESICNE,MCMXCV-X-XIX
1632,XVIII,POPLATEK TYDNE,MCMXCVI-I-XIII
2351,LXXIV,POPLATEK MESICNE,MCMXCVII-IX-VIII
10361,XXI,POPLATEK MESICNE,MCMXCVI-VI-XXI
3337,LVIII,POPLATEK PO OBRATU,MCMXCVII-II-XXII
10911,I,POPLATEK TYDNE,MCMXCIII-V-XXIX
3249,LXXIV,POPLATEK MESICNE,MCMXCVI-X-XI
2197,XLVI,POPLATEK MESICNE,MCMXCVII-VII-XXVI
503,I,POPLATEK MESICNE,MCMXCVI-VIII-VIII
2788,LIV,POPLATEK MESICNE,MCMXCIV-X-XII
2863,XIV,POPLATEK MESICNE,MCMXCVI-I-XXI
2404,VIII,POPLATEK MESICNE,MCMXCVII-VI-V
1807,XXI,POPLATEK MESICNE,MCMXCVII-X-XV
7033,LXXV,POPLATEK MESICNE,MCMXCVI-VII-III
8713,LIII,POPLATEK MESICNE,MCMXCVII-V-XVIII
2867,XXX,POPLATEK MESICNE,MCMXCIII-XI-IV
4458,LX,POPLATEK MESICNE,MCMXCVI-IV-XXIII
2619,XX,POPLATEK MESICNE,MCMXCVI-V-XIII
743,X,POPLATEK MESICNE,MCMXCIII-XI-V
54,IV,POPLATEK MESICNE,MCMXCV-V-II
729,XIV,POPLATEK MESICNE,MCMXCVII-II-XV
3763,LV,POPLATEK MESICNE,MCMXCV-VIII-XXIII
2049,LXVII,POPLATEK MESICNE,MCMXCVII-XII-XIX
5033,LIV,POPLATEK MESICNE,MCMXCV-VIII-III
958,LXXII,POPLATEK MESICNE,MCMXCVI-VI-VI
2679,LXVII,POPLATEK MESICNE,MCMXCVII-VII-XXIV
27,LXXIII,POPLATEK MESICNE,MCMXCIII-IX-XXVI
3603,III,POPLATEK MESICNE,MCMXCVII-IX-XVII
3747,I,POPLATEK MESICNE,MCMXCIV-V-I
2711,LVIII,POPLATEK MESICNE,MCMXCIII-V-XIX
3623,LIX,POPLATEK MESICNE,MCMXCV-II-XII
314,XV,POPLATEK PO OBRATU,MCMXCVI-I-XXVI
313,LXXIII,POPLATEK MESICNE,MCMXCVI-VII-VI
3028,XXVII,POPLATEK MESICNE,MCMXCIII-IX-XV
8680,XVII,POPLATEK MESICNE,MCMXCVI-II-XII
2231,II,POPLATEK MESICNE,MCMXCVII-X-XIV
141,XXXVIII,POPLATEK MESICNE,MCMXCVI-III-VI
9153,IX,POPLATEK MESICNE,MCMXCVI-XII-XII
4352,II,POPLATEK MESICNE,MCMXCIII-VII-V
1101,IV,POPLATEK MESICNE,MCMXCVII-IX-XXII
935,XXIII,POPLATEK MESICNE,MCMXCVI-XII-XXV
3670,XXVII,POPLATEK MESICNE,MCMXCIII-VI-IV
460,I,POPLATEK MESICNE,MCMXCIV-IV-XVIII
2299,I,POPLATEK MESICNE,MCMXCVII-I-XXI
2724,XI,POPLATEK MESICNE,MCMXCVI-VIII-IX
