order_num,item_code,ordered_qty,unit_price,line_item_num
10249,S18_3856,46,88.93,5
10197,S700_2047,24,78.75,2
10115,S50_1392,27,100.7,3
10373,S10_4757,39,118.32,3
10105,S700_3505,39,92.16,6
10146,S18_3782,47,60.3,2
10344,S24_1046,29,61.0,7
10129,S24_2011,45,113.06,9
10389,S24_1578,45,112.7,1
10358,S18_2238,20,142.45,10
10420,S24_3191,35,77.05,10
10147,S12_1099,48,161.49,7
10208,S700_1938,40,73.62,10
10390,S18_3278,40,75.59,9
10399,S10_2016,51,99.91,7
10350,S700_2610,29,68.67,12
10349,S24_4048,23,111.18,2
10150,S18_4668,30,47.29,6
10299,S10_4698,29,164.61,11
10347,S18_1097,42,113.17,5
10359,S12_1108,42,180.79,8
10181,S24_2972,37,32.85,8
10110,S18_1589,37,118.22,16
10295,S700_2610,44,71.56,2
10105,S18_4522,41,75.48,10
10262,S24_2841,24,63.71,10
10133,S700_1691,24,76.73,8
10361,S700_1691,20,88.6,4
10326,S24_3151,41,86.74,3
10105,S700_3962,22,99.31,7
10156,S700_1691,48,77.64,2
10133,S32_4289,49,67.41,6
10120,S10_4698,46,158.8,2
10387,S32_1374,44,79.91,1
10401,S700_1691,11,77.64,8
10229,S32_3522,30,52.36,12
10420,S18_1749,37,153.0,5
10215,S18_2957,31,56.21,6
10372,S18_4027,48,119.2,6
10229,S12_1666,25,110.7,13
10163,S18_3320,43,80.36,6
10134,S24_1578,35,94.67,3
10244,S18_1342,40,99.66,7
10174,S18_4668,49,44.27,2
10122,S12_3380,37,113.92,8
10225,S12_4675,21,100.19,6
10106,S32_4289,33,65.35,5
10182,S18_1367,32,44.21,2
10287,S12_3380,45,117.44,10
10143,S700_2610,31,69.39,16
10227,S18_2325,46,118.23,7
10414,S700_1938,34,74.48,13
10208,S12_1108,46,176.63,13
10163,S24_4258,42,96.42,5
10340,S24_2000,55,62.46,8
10413,S50_1514,51,53.31,4
10412,S32_2509,19,50.86,7
10264,S18_3782,48,58.44,3
10138,S24_2766,28,73.6,10
10275,S700_1691,32,85.86,14
10410,S18_3136,34,84.82,2
10140,S32_3522,28,62.05,7
10241,S24_1046,22,72.02,8
10172,S18_1589,42,109.51,6
10180,S32_2206,34,33.39,4
10357,S18_2957,49,59.34,5
10330,S18_4721,50,133.92,4
10314,S12_4473,45,95.99,14
10383,S32_2509,32,53.57,5
10127,S12_1108,46,193.25,2
10150,S18_2957,30,56.21,11
10214,S24_1937,20,32.19,3
10381,S18_1367,25,49.6,9
10234,S24_3816,31,78.83,8
10157,S32_4289,28,56.41,6
10341,S700_3167,34,70.4,5
10390,S18_1984,34,132.29,15
10176,S12_3891,50,160.91,1
10412,S24_2840,30,32.88,6
10254,S24_2887,33,111.57,8
10149,S24_3969,26,38.57,9
10197,S72_3212,42,48.59,12
10220,S12_3891,27,166.1,1
10329,S12_2823,24,128.03,6
10165,S18_3232,47,154.1,16
10412,S12_4473,54,100.73,5
10315,S24_2011,35,111.83,6
10287,S18_1889,44,61.6,8
10138,S24_2022,33,38.53,1
10272,S12_3891,39,148.8,1
10105,S24_2011,43,117.97,9
10310,S12_3380,24,105.7,8
10123,S18_2870,46,114.84,3
10339,S18_2625,30,48.46,1
10120,S24_1785,39,93.01,10
10390,S50_4713,22,81.36,13
10306,S700_3962,30,87.39,5
10108,S32_2206,27,36.21,13
10359,S32_2509,36,45.45,3
10310,S18_3278,27,70.76,13
10312,S24_2022,23,43.46,12
10268,S18_2248,31,60.54,9
10407,S24_1046,26,68.35,8
10100,S18_1749,30,136.0,3
10117,S18_4522,23,73.73,4
10410,S18_1342,65,99.66,7
10215,S24_4258,39,94.47,7
10401,S700_2466,85,98.72,10
10181,S18_2870,27,130.68,3
10287,S18_3482,40,127.88,14
10322,S18_1342,43,92.47,14
10222,S10_4757,49,133.28,12
10252,S24_4620,38,69.52,3
10322,S18_2949,33,100.3,12
10206,S18_3136,30,102.63,8
10266,S18_1889,33,77.0,10
10249,S24_2841,20,54.81,1
10280,S18_1097,24,98.0,1
10398,S24_1785,43,100.67,16
10175,S10_4962,33,119.67,9
10412,S24_2300,70,109.9,10
10159,S24_3371,50,49.6,1
10363,S12_3380,34,106.87,4
10370,S32_3522,25,63.99,3
10340,S700_2834,29,98.48,6
10103,S18_2432,22,58.34,2
10396,S24_3151,27,77.0,7
10372,S12_3891,34,140.15,1
10353,S50_1341,40,35.78,8
10356,S18_1129,43,120.31,8
10350,S18_4522,30,70.22,3
10349,S24_2840,36,31.47,3
10396,S18_4522,45,83.38,5
10356,S24_2022,26,42.11,7
10401,S32_4289,62,62.6,6
10234,S18_3029,48,84.3,7
10309,S12_2823,26,144.6,4
10398,S24_3949,41,56.64,2
10142,S18_3140,47,129.76,8
10161,S24_1046,37,73.49,5
10329,S12_3990,33,74.21,14
