film_key,category_key
117263,28
8676,12
10156,35
100241,27
58233,12
36648,53
16186,18
14624,10749
10195,14
9825,27
26791,53
11576,12
41446,9648
18736,35
12228,36
440,878
7445,18
46727,18
595,80
290825,35
808,12
765,35
70981,878
1495,12
6961,35
25941,28
1948,80
381902,14
331,878
4474,18
2786,53
9950,35
13056,28
68721,878
13156,18
133698,35
51955,878
38322,28
16340,35
667,28
9588,37
24621,35
236751,18
9476,10749
602,878
11426,10749
11975,18
821,18
31582,35
9667,14
19150,35
11468,9648
74725,27
257211,35
82696,10749
98568,53
10674,16
9588,10749
47502,18
27342,28
157386,35
3078,35
11529,35
19489,35
31535,35
12109,18
14191,10749
15059,18
61012,9648
37495,18
192210,18
61791,878
80,10749
12159,10749
258509,35
55301,14
6615,35
4474,878
13191,28
34584,18
11904,12
13066,10749
8592,53
297,9648
9829,28
15655,10751
166624,35
10073,35
32657,10751
19844,10749
9697,9648
15208,14
67913,28
10053,27
15365,35
161,53
52790,18
1422,80
31915,878
24663,10749
201088,80
1439,36
20542,14
8839,10751
35032,10402
4327,35
268171,10751
17834,12
11184,18
62211,16
297621,10402
8953,878
44264,37
12193,10749
2140,80
97367,18
49021,12
19187,35
9762,10402
36970,99
9869,28
15927,18
414,14
184,35
14191,10751
17768,35
4944,35
55567,35
68202,10749
32395,18
9429,35
14043,10751
5279,18
26352,35
16471,35
22267,10749
10198,10749
25520,10749
2787,878
9335,53
8968,53
15121,10751
312113,28
72197,35
11863,28
24418,12
42188,18
70981,12
50135,35
809,35
11458,53
172,878
22798,18
6171,27
15489,10751
16110,878
22787,28
12690,80
227159,35
26672,12
8374,28
9476,18
6639,10749
9989,28
16205,28
14411,12
37842,18
16222,10749
9099,35
14823,18
13919,35
9455,80
60243,18
242582,18
37903,80
12207,28
19994,35
70670,53
8952,10749
166624,18
173931,16
43539,10749
27360,80
10535,35
9372,35
127493,53
222649,18
281730,35
679,878
29122,35
25428,9648
2140,53
38543,10749
331190,80
342502,53
21641,18
7510,18
378237,18
9035,878
8854,878
9268,28
6639,18
15875,35
300168,12
7512,12
334531,18
72431,36
12920,10751
10196,28
150540,16
1213,80
31668,28
4997,53
10439,14
29463,10402
11901,37
62,9648
180296,35
630,10751
38543,12
9378,27
7973,18
80215,99
9906,10751
13682,10751
75174,28
15208,18
17820,10402
238,80
1958,9648
61891,18
82654,35
2268,12
260947,9648
193,53
239897,16
297761,28
49538,878
27549,878
563,28
8656,18
11959,35
816,878
12312,35
339408,18
68726,28
254,28
12079,80
335866,27
7461,53
1551,53
82679,35
280092,53
3595,53
62214,10751
77934,10751
266396,18
24034,10751
39303,53
2157,12
9645,9648
13937,53
44896,12
38033,53
9481,80
22794,16
8922,27
630,12
8916,35
12690,18
131634,12
321,35
12138,35
879,10751
533,16
43743,9648
9459,99
2787,53
4512,28
2277,878
9707,14
34769,28
8814,27
9449,14
10377,35
1779,99
9816,10749
8488,18
1417,18
26672,10751
141,18
206563,18
985,18
103,80
134371,878
1685,878
1894,878
256040,28
10219,10749
58882,36
11644,9648
11835,80
20360,18
1824,10749
20322,10749
33217,10751
42889,35
51540,80
953,10751
37137,35
1537,12
13937,80
77866,18
58595,18
11086,18
75674,28
206197,18
153158,16
83666,10749
13768,10751
22007,53
157422,27
318850,18
2667,27
2110,18
675,14
150540,10751
5769,35
291270,18
11260,12
215881,53
11036,18
4922,9648
68179,10751
44115,18
351819,35
355629,18
817,80
