author_id,author_name
5357,Lori McElrath-Eslick
5647,Marina Mariasch
593,Artists and Writers Guild
2134,Doug Lansky
8603,Thomas J. Steele
287,Amy H. Sturgis
4922,Kermit Oliver
7619,Robin Preiss Glasser
48,Adam Lesh
4512,Jonathan Kozol
4611,Ju-Yeon Rhim
7034,Pythagoras
6588,P.J. Tracy
2421,Ellen Anker
8501,Terentio Tunberg
5682,Mark Behr
1836,David Northrup
361,Andrew Weil
5958,Mechtild Ciletti
2859,Gaston Leroux
1666,Dave Lakhani
4802,Katharine McMahon
1560,Daisy Meadows
9142,Xan Fielding
8389,Susan Moller Okin
5351,Lori Avocato
3002,Gill Harvey
3086,Gray Jolliffe
2885,Geoff Klock
4773,Kate Atkinson
8094,Simon Cleveland
8242,Stephen Nachmanovitch
2393,Elizabeth J. Asteraki
4181,Joe Knight
829,Billy Wilder
5508,Mamoru Oshii
3261,Helen Cooper
3681,James C. Mitchell
2883,Geoff Emerick
6128,Michael Malone
4561,Joseph D'Agnese
5050,Larry Dean Benson
6688,Patti Davis
8078,Sidney Morgenbesser
3992,Jennifer Chiaverini
5015,L. David Allen
2035,Dobrica Erić
8325,Stevie Davies
6256,Mikhail Bakhtin
4971,Kirk Albert Etienne
6178,Michael Tanner
7018,Pookie Rolf
3662,James Alexander Kerr Thomson
3464,Igor Stravinsky
1759,David Filkin
3659,James A. Owen
6879,Peter Kreeft
5278,Linda Medley
4395,John Morressy
7813,S.L. Viehl
249,Allegra Goodman
3054,Gordon Bowker
8701,Tom Hiney
5886,Matt Braun
2819,Gardner Dozois
2493,Eric Kim
4092,Jim Murphy
8137,Stacy Schiff
1096,Carol Rondou
2447,Elwood Reid
1057,Carl Sandburg
1651,Darren R. Weissman
6691,Paul Ryan
1113,Carolyn Brown
2862,Gay Talese
4373,John M. Cooper
8621,Thomas Ryan
132,Alastair Westgarth
2847,Gary L. Blackwood
77,Aeschylus
5505,Malvina G. Vogel
3001,Giles Foden
1319,Chris Sabatino
6416,Neil Strauss
2484,Eoin Colfer
519,Anthony Tully
2088,Donald L. Lawler
5174,Leo Bersani
1484,Conor Cruise O'Brien
8290,Steve Parkhouse
3919,Jean Marzollo
2418,Elizabeth Wein
4416,John Prevas
5863,Mary O'Neill
7725,Rosemary Wells
4603,Joyce Carol Oates
5022,L.M. Montgomery
734,Ben Wasson
6142,Michael O. Tunnell
4657,Julia Glass
120,Alan Moore
2958,George Sullivan
4602,Joy Marchand
3843,Jane Robins
5045,Larousse
7223,Rich Wulf
4565,Joseph Epstein
4757,Karen Rizzo
6859,Peter Hamilton
1627,Daniel Tse
2511,Eric Jensen
1196,Charles Darwin
3481,Ingrid Christopherson
2927,George H. Wood
2129,Dorothy Parker
6235,Mike Rowe
3579,J.M.D. Meiklejohn
6379,Naomi Duguid
5749,Mark Twain
5075,Laura Esquivel
6806,Peter Brown
94,Al Gore
331,Andrew Collins
81,Agnolo di Cosimo Bronzino
1401,Christy Cheung
322,Andreas Gursky
7905,Sarah E. MacDonald
3458,Ian Watson
8317,Steven Pinker
9040,William Caskey
6794,Peggy Parish
3438,Ian Christie
5156,Lee Nelson
5083,Laura Ingalls Wilder
8586,Thomas DePietro
8399,Susan Sontag
2019,Dick Giordano
1946,Denise A. Agnew
4540,Jorge Luis Borges
767,Beth Dunfey
6728,Paul Guyer
6283,Misty Hook
7620,Robin S. Sharma
5065,Laura Jordan
7686,Ronald B. Flowers
2933,George Lakoff
4719,K. Tempest Bradford
3678,James C. Simmons
3025,Giuliana DePandi
7535,Robert Musil
2229,Eddie de Oliveira
966,Bruce Edward Walker
7068,R.L. Stine
4451,John Tosh
783,Betty McCollum
7233,Richard A. Knaak
2887,Geoff Waring
1069,Carlos Garzon
3699,James Ellroy
3982,Jeffrey Toobin
4824,Kathleen M. Massie-Ferch
5467,M.J. Trow
2908,George Bernard Shaw
2300,Edward Steers Jr.
6423,Nevil Shute
8010,Sharon Creech
2754,Frederick Douglass
8195,Stephen Desberg
4392,John Milton
5615,Maria Skobtsova
5613,María Mir
5355,Lori Handeland
7889,Saoussan Askar
8652,Timothy Taylor
3132,Gustave Flaubert
3036,Glenn McCoy
7320,Richard P. Martin
6650,Patricia Hampl
1003,C.D.B. Bryan
568,Arthur Conan Doyle
6071,Michael Ende
8799,Ursula Bentley
5284,Lindsay Harrison
2026,Dinah L. Moché
8630,Tiina Nunnally
880,Brad Walker
4511,Jonathan J. Sanford
5541,Marcia Angell
7247,Richard Bausch
587,Arthur Pober
5457,M. John Harrison
3186,Hans Walter Gabler
8954,Walter Pater
8102,Simon Wells
1650,Darren James
712,Beau Bridges
8347,Studley Burroughs
5791,Martin Harrison
1415,Claire Freches-Thory
922,Brian Herbert
4186,Joe Meno
9132,Winston S. Churchill
5771,Marta I. Guastavino
2374,Elizabeth A. Lynn
7726,Rosetta James
319,Andrea Lingenfelter
9013,Will Kymlicka
5699,Mark Harlan
5567,Margaret Hodges
7325,Richard Peck
933,Brian McNaughton
6214,Michka Assayas
5071,Laura Dave
8993,Wendy Cooling
4766,Karin Kretschmann
6836,Peter de Jonge
4517,Jonathan Mulrooney
6719,Paul Douglas Gardner
6193,Michel Courtois-Fourcy
6499,Nina Helms
4470,John William Corrington
6756,Paul Roche
7894,Sara Quin
6570,Otto Penzler
4620,Jude Fisher
3667,James B. Stewart
2946,George Rawlinson
7628,Roderick Townley
9202,Νίκος Παναγιωτόπουλος
6322,Muhammad Yunus
1373,Christopher H. Bing
1748,David Dukes
6539,NOT A BOOK
6160,Michael S. Smith
2886,Geoff Spear
6051,Michael Cox
3146,H. Anna Suh
7916,Sarah Macdonald
1881,David Weisman
1769,David Giordano
5842,Mary Helen Washington
89,Akihiro Yamada
96,Al Rio
8334,Stuart Gilbert
731,Ben Schott
5650,Mario Puzo
1685,David Lloyd
4731,Kaoru Ohashi
8238,Stephen Miller
5616,Maria Tatar
9046,William F. Nolan
7178,Regina Jehn
8635,Tim Dowley
4536,Jorge Alberto Lozoya
7046,R. Davis
316,Andrea Camilleri
3795,Jamie Smith
7598,Robertson Davies
8500,Terence Tunberg
8930,Walt Whitman
624,Azzedine Haddour
1776,David Hackett Fischer
1551,D.W. Moffett
744,Berlitz Publishing Company
1072,Carlos Meglia
1157,Cecil Adams
7228,Richard Hull
6437,Nicholas D. Smith
5838,Mary Engelbreit
3474,Ina Rilke
5741,Mark Smylie
1299,Chris Horrocks
3398,Hugh Thomson
1176,Charlaine Harris
6842,Peter Fiell
8985,Wayne Johnston
1673,Dave R. Palmer
5235,Lewis B. Namier
1729,David Bromwich
654,Barbara E. Martin
8465,Takeshi Obata
5941,Max Lucado
4867,Keith Baker
6511,Noel Polk
3126,Gunnvor Stallybrass
6952,Philip Gourevitch
3510,Isabella MacDonald Alden
2390,Elizabeth Heine
2606,F. Gwynplaine MacIntyre
564,Arthur Miller
9227,方郁仁
8319,Steven Rimbauer
3704,James Frey
7157,Rebecca Brown
9144,Xavier Pàmies
9057,William Goldman
6505,Noah Gordon
5702,Mark Honan
7943,Scott Brick
170,Alex Went
510,Anthony Powell
5308,Lisa Wheeler
669,Barbara T. Cooper
223,Alison Baverstock
6052,Michael Craft
7764,Rush Rhees
